BytesProcessados,L_Barra_Janela,L_Barra_Acumulado,Entropia_Ordem0
5000,3.768,3.768
10000,2.9376,3.3528
15000,3.0272,3.24427
20000,2.8384,3.1428
25000,2.792,3.07264
30000,2.504,2.97787
35000,2.4096,2.89669
40000,2.5824,2.8574
45000,2.4944,2.81707
50000,2.4624,2.7816
55000,2.4784,2.75404
60000,2.4992,2.7328
65000,2.4544,2.71138
70000,2.4272,2.69109
75000,2.3104,2.66571
80000,2.3232,2.6443
85000,2.2912,2.62353
90000,2.2544,2.60302
95000,2.272,2.5856
100000,2.2352,2.56808
105000,2.3376,2.5571
110000,2.232,2.54233
115000,2.176,2.5264
120000,2.2368,2.51433
125000,2.2608,2.50419
130000,2.2704,2.4952
135000,2.1968,2.48415
140000,2.1504,2.47223
145000,2.1568,2.46135
150000,2.0864,2.44885
155000,2.1456,2.43907
160000,2.1504,2.43005
165000,2.3424,2.42739
170000,2.1424,2.41901
175000,2.1776,2.41211
180000,2.128,2.40422
185000,2.1584,2.39758
190000,2.1056,2.38989
195000,2.0368,2.38084
200000,2.1376,2.37476
205000,2.232,2.37128
210000,2.0624,2.36392
215000,2.0832,2.3574
220000,2.1728,2.3532
225000,2.1824,2.3494
230000,2.1328,2.3447
235000,2.1216,2.33995
240000,2.1488,2.33597
245000,2.1136,2.33143
250000,2.1312,2.32742
255000,2.064,2.32226
260000,2,2.31606
265000,2,2.3101
270000,2.1488,2.30711
275000,2.104,2.30342
280000,1.9872,2.29777
285000,1.9312,2.29134
290000,1.968,2.28577
295000,2.016,2.28119
300000,2.0384,2.27715
305000,2.08,2.27391
310000,2.0752,2.27071
315000,1.9824,2.26613
320000,2.0272,2.2624
325000,2.0512,2.25915
330000,2.1232,2.25709
335000,2.0672,2.25426
340000,1.9712,2.25009
345000,2.0544,2.24726
350000,1.96,2.24315
355000,2.1184,2.2414
360000,1.9568,2.23744
365000,1.9856,2.23399
370000,2.0112,2.23098
375000,1.9872,2.22773
380000,2,2.22474
385000,2.0304,2.22221
390000,2.1056,2.22072
395000,2.008,2.21803
400000,2.0096,2.21542
405000,1.9776,2.21248
410000,1.9792,2.20964
415000,1.8864,2.20574
420000,1.9104,2.20223
425000,1.9968,2.19981
430000,1.9584,2.197
435000,1.9472,2.19413
440000,1.968,2.19156
445000,1.928,2.1886
450000,2.0464,2.18702
455000,2.1104,2.18618
460000,1.9952,2.1841
465000,2.1248,2.18347
470000,2.0448,2.18199
475000,2.048,2.18058
480000,1.8768,2.17742
485000,1.912,2.17468
490000,1.864,2.17151
495000,1.9104,2.16887
500000,1.8608,2.16579
505000,1.9232,2.16339
510000,1.8512,2.16033
515000,2.0528,2.15929
520000,1.9344,2.15712
525000,1.9568,2.15522
530000,1.9744,2.15351
535000,1.9872,2.15196
540000,1.9392,2.14999
545000,1.896,2.14766
550000,2.0016,2.14633
555000,2.0848,2.14577
560000,1.9264,2.14381
565000,2.048,2.14297
570000,2.0208,2.14189
575000,2.032,2.14094
580000,1.9664,2.13943
585000,2.0432,2.13861
590000,2.0192,2.1376
595000,2.0208,2.13662
600000,2.0256,2.13569
605000,1.9056,2.13379
610000,1.9488,2.13228
615000,1.952,2.13081
620000,1.9728,2.12954
625000,1.928,2.12792
630000,1.9872,2.12681
635000,2.0336,2.12607
640000,1.9392,2.12461
645000,2.0672,2.12417
650000,2.0768,2.1238
655000,1.912,2.12219
660000,2.0288,2.12148
665000,2.048,2.12093
670000,2,2.12002
675000,1.9104,2.11847
680000,1.976,2.11742
685000,2.0048,2.1166
690000,2.0464,2.11609
695000,2.0016,2.11527
700000,2.0288,2.11465
705000,1.9872,2.11375
710000,2.088,2.11357
715000,1.9664,2.11254
720000,2.0768,2.11229
725000,2.032,2.11174
730000,1.9776,2.11082
735000,1.9424,2.10967
740000,2.0128,2.10902
745000,1.9632,2.10804
750000,1.9152,2.10675
755000,1.9504,2.10572
760000,2.0544,2.10538
765000,1.9296,2.10423
770000,1.8976,2.10289
775000,1.8464,2.10123
780000,1.9488,2.10026
785000,1.9248,2.09914
790000,1.9488,2.09819
795000,1.9728,2.0974
800000,1.848,2.09584
805000,1.9504,2.09494
810000,2.0208,2.09448
815000,1.9648,2.09368
820000,1.9008,2.09251
825000,2.1184,2.09266
830000,2.008,2.09215
835000,1.9696,2.09142
840000,1.984,2.09078
845000,1.9088,2.0897
850000,1.9152,2.08868
855000,1.9584,2.08792
860000,2.0256,2.08755
865000,2.0064,2.08708
870000,2.0496,2.08687
875000,1.9312,2.08598
880000,1.912,2.08499
885000,1.9408,2.08418
890000,1.8832,2.08305
895000,2.0576,2.08291
900000,2.0112,2.08251
905000,1.9456,2.08175
910000,1.944,2.08099
915000,1.9872,2.08048
920000,1.9376,2.0797
925000,1.9088,2.07878
930000,1.8928,2.07778
935000,1.9328,2.07701
940000,2.104,2.07715
945000,1.8656,2.07603
950000,2.5376,2.07846
955000,2.5616,2.08099
960000,2.4432,2.08288
965000,2.4784,2.08492
970000,2.4224,2.08666
975000,2.4368,2.08846
980000,2.3824,2.08996
985000,2.4592,2.09183
990000,2.448,2.09363
995000,2.3008,2.09467
1000000,2.3232,2.09582
1005000,2.3744,2.0972
1010000,2.4048,2.09872
1015000,2.3744,2.10008
1020000,2.392,2.10151
1025000,2.3728,2.10284
1030000,2.464,2.10459
1035000,2.4288,2.10616
1040000,2.504,2.10807
1045000,2.5344,2.11011
1050000,2.4224,2.1116
1055000,2.272,2.11236
1060000,2.3744,2.11359
1065000,2.304,2.11449
1070000,2.2448,2.1151
1075000,2.3232,2.11606
1080000,2.176,2.11634
1085000,1.6928,2.11439
1090000,1.7952,2.11292
1095000,2.2288,2.11345
1100000,2.2752,2.11419
1105000,2.3728,2.11536
1110000,2.3216,2.11629
1115000,2.2448,2.11686
1120000,2.3056,2.11771
1125000,2.2032,2.11809
1130000,2.264,2.11873
1135000,2.36,2.1198
1140000,2.2176,2.12022
1145000,2.1952,2.12055
1150000,2.184,2.12083
1155000,2.184,2.1211
1160000,2.1984,2.12143
1165000,2.2112,2.12182
1170000,2.104,2.12174
1175000,2.2,2.12208
1180000,2.1232,2.12208
1185000,2.1264,2.1221
1190000,2.1136,2.12206
1195000,2.1392,2.12214
1200000,2.1808,2.12238
1205000,2.208,2.12274
1210000,2.1424,2.12282
1215000,2.1024,2.12273
1220000,2.1392,2.1228
1225000,2.1088,2.12274
1230000,2.3088,2.1235
1235000,2.224,2.12391
1240000,2.256,2.12444
1245000,2.2384,2.1249
1250000,2.0528,2.12461
1255000,2.1104,2.12455
1260000,2.2192,2.12493
1265000,2.1616,2.12507
1270000,2.1952,2.12535
1275000,2.2816,2.12596
1280000,2.3568,2.12686
1285000,2.3312,2.12766
1290000,2.2832,2.12826
1295000,2.4272,2.12941
1300000,2.4048,2.13047
1305000,2.3376,2.13127
1310000,2.1152,2.13121
1315000,2.1488,2.13127
1320000,2.1744,2.13144
1325000,2.1216,2.1314
1330000,2.1008,2.13128
1335000,2.096,2.13115
1340000,2.104,2.13105
1345000,2.072,2.13083
1350000,2,2.13035
1355000,2.0784,2.13015
1360000,2.1664,2.13029
1365000,2.2016,2.13055
1370000,2.1312,2.13055
1375000,2.1328,2.13056
1380000,2.0112,2.13013
1385000,2.112,2.13006
1390000,2.032,2.12971
1395000,2.2352,2.13009
1400000,2.2608,2.13055
1405000,2.2992,2.13115
1410000,2.128,2.13114
1415000,2.0272,2.13078
1420000,2.1008,2.13067
1425000,2.216,2.13097
1430000,2.136,2.13099
1435000,2.288,2.13153
1440000,2.096,2.13141
1445000,2.1872,2.1316
1450000,2.208,2.13187
1455000,2.1296,2.13186
1460000,2.1856,2.13204
1465000,2.1696,2.13217
1470000,2.2048,2.13242
1475000,2.088,2.13227
1480000,2.1024,2.13217
1485000,2.0608,2.13193
1490000,2.0816,2.13176
1495000,2.2848,2.13227
1500000,2.0544,2.13201
1505000,2.1536,2.13208
1510000,2.2144,2.13235
1515000,2.184,2.13253
1520000,2.176,2.13267
1525000,2.1872,2.13285
1530000,2.128,2.13283
1535000,2.1184,2.13278
1540000,2.1328,2.13278
1545000,2.0944,2.13266
1550000,2.0208,2.1323
1555000,2.08,2.13213
1560000,2.176,2.13227
1565000,2.152,2.13233
1570000,2.0416,2.13205
1575000,2.0208,2.13169
1580000,2.1072,2.13162
1585000,2.1824,2.13178
1590000,2.0752,2.1316
1595000,2.1152,2.13155
1600000,2.0992,2.13144
1605000,2.1472,2.13149
1610000,2.1232,2.13147
1615000,2.024,2.13114
1620000,2.1712,2.13126
1625000,2.1376,2.13128
1630000,2.1488,2.13133
1635000,2.3104,2.13188
1640000,2.2576,2.13226
1645000,2.304,2.13279
1650000,2.384,2.13355
1655000,2.3168,2.1341
1660000,2.1072,2.13402
1665000,2.0656,2.13381
1670000,1.9696,2.13332
1675000,2.16,2.1334
1680000,2.0704,2.13321
1685000,1.9504,2.13267
1690000,1.592,2.13107
1695000,1.8992,2.13039
1700000,2.1456,2.13043
1705000,2.184,2.13059
1710000,2.056,2.13037
1715000,2.2096,2.1306
1720000,2.1824,2.13075
1725000,2.1456,2.1308
1730000,2.1248,2.13078
1735000,2.2352,2.13108
1740000,2.1248,2.13106
1745000,2.1488,2.13111
1750000,2.0928,2.131
1755000,2.0896,2.13089
1760000,2.0848,2.13075
1765000,2.0928,2.13065
1770000,2.1664,2.13075
1775000,2.1376,2.13077
1780000,2.1488,2.13082
1785000,2.1264,2.13081
1790000,2.112,2.13075
1795000,2.1744,2.13087
1800000,2.0464,2.13064
1805000,2.0832,2.13051
1810000,2.0992,2.13042
1815000,2.1696,2.13053
1820000,2.1888,2.13069
1825000,2.064,2.13051
1830000,2.0208,2.13021
1835000,2.0528,2.13
1840000,2.0512,2.12978
1845000,2.1184,2.12975
1850000,2.0736,2.1296
1855000,2.1056,2.12954
1860000,2.032,2.12927
1865000,2.0176,2.12897
1870000,1.648,2.12769
1875000,1.616,2.12632
1880000,2.2432,2.12663
1885000,2.3168,2.12714
1890000,2.176,2.12727
1895000,2.1872,2.12743
1900000,2.1824,2.12757
1905000,2.1552,2.12764
1910000,2.16,2.12773
1915000,2.1728,2.12785
1920000,2.1488,2.1279
1925000,2.176,2.12802
1930000,2.136,2.12805
1935000,2.1392,2.12807
1940000,2.1344,2.12809
1945000,2.072,2.12795
1950000,2.0352,2.12771
1955000,2.1184,2.12768
1960000,2.1072,2.12763
1965000,2.168,2.12774
1970000,2.072,2.12759
1975000,2.0576,2.12742
1980000,2.1312,2.12743
1985000,2.1584,2.1275
1990000,2.1728,2.12762
1995000,2.1776,2.12774
2000000,2.2032,2.12793
2005000,2.0864,2.12783
2010000,2.0592,2.12766
2015000,2.1504,2.12771
2020000,2.0256,2.12746
2025000,2.1328,2.12747
2030000,2.1536,2.12754
2035000,2.0112,2.12725
2040000,2.0768,2.12713
2045000,2.0544,2.12695
2050000,2.064,2.1268
2055000,2.0336,2.12657
2060000,2.0592,2.12641
2065000,2.1328,2.12642
2070000,2.1056,2.12637
2075000,2.1152,2.12635
2080000,2.0336,2.12612
2085000,2.0656,2.12598
2090000,2.0944,2.1259
2095000,2.032,2.12568
2100000,2.1072,2.12563
2105000,2.0304,2.12541
2110000,2.1168,2.12539
2115000,2,2.12509
2120000,2.056,2.12493
2125000,2.1184,2.12491
2130000,2.0016,2.12462
2135000,2.0144,2.12437
2140000,2.0528,2.1242
2145000,2.064,2.12406
2150000,2.096,2.12399
2155000,2.0144,2.12374
2160000,2.0336,2.12353
2165000,2.1024,2.12348
2170000,2.3264,2.12395
2175000,2.136,2.12398
2180000,2.2768,2.12433
2185000,2.1472,2.12438
2190000,2.2144,2.12458
2195000,2.192,2.12474
2200000,2.072,2.12462
2205000,2.0736,2.1245
2210000,2.1472,2.12455
2215000,2.16,2.12463
2220000,2.1808,2.12476
2225000,2.1536,2.12483
2230000,2.2,2.12499
2235000,2.1072,2.12495
2240000,2.1088,2.12492
2245000,2.1744,2.12503
2250000,1.984,2.12471
2255000,2.008,2.12446
2260000,1.9728,2.12412
2265000,1.9648,2.12377
2270000,1.9504,2.12339
2275000,2.0224,2.12316
2280000,2.0784,2.12307
2285000,2.0112,2.12282
2290000,2.0544,2.12267
2295000,2.072,2.12256
2300000,2.0768,2.12246
2305000,2.0032,2.1222
2310000,2.0368,2.12202
2315000,2.032,2.12182
2320000,2.0688,2.12171
2325000,2.0112,2.12147
2330000,2.024,2.12126
2335000,2.0896,2.1212
2340000,1.9696,2.12087
2345000,2.0464,2.12071
2350000,2.0336,2.12053
2355000,2.056,2.12039
2360000,2.0496,2.12024
2365000,2.0144,2.12002
2370000,2.0416,2.11985
2375000,2.0288,2.11966
2380000,2.0832,2.11958
2385000,2.1888,2.11973
2390000,2.2016,2.1199
2395000,1.9952,2.11964
2400000,1.944,2.11927
2405000,2,2.11903
2410000,1.9696,2.11872
2415000,1.9632,2.11839
2420000,2.016,2.11818
2425000,2.0016,2.11794
2430000,2.032,2.11776
2435000,2.0432,2.11761
2440000,2.0688,2.11751
2445000,2.0128,2.1173
2450000,2.0336,2.11713
2455000,2.0256,2.11694
2460000,1.9184,2.11654
2465000,2.112,2.11653
2470000,2.2224,2.11674
2475000,2.1488,2.11681
2480000,2.1184,2.11681
2485000,2.192,2.11696
2490000,1.9568,2.11664
2495000,2.1344,2.11667
2500000,2.12,2.11668
2505000,2.2256,2.1169
2510000,2.12,2.11691
2515000,1.9968,2.11667
2520000,2.0848,2.1166
2525000,2.1008,2.11657
2530000,2.0864,2.11651
2535000,2.168,2.11661
2540000,2.1312,2.11664
2545000,2.144,2.1167
2550000,2.1168,2.1167
2555000,2.0976,2.11666
2560000,2.0192,2.11647
2565000,2.184,2.1166
2570000,2.0912,2.11655
2575000,1.9824,2.11629
2580000,1.9808,2.11603
2585000,2.1248,2.11604
2590000,2.0704,2.11596
2595000,2.0272,2.11579
2600000,2.0096,2.11558
2605000,1.9968,2.11535
2610000,1.9808,2.1151
2615000,1.9744,2.11483
2620000,2.0816,2.11476
2625000,1.9648,2.11448
2630000,1.9424,2.11415
2635000,1.9792,2.11389
2640000,1.9056,2.1135
2645000,1.9568,2.1132
2650000,1.9264,2.11285
2655000,1.968,2.11258
2660000,1.9584,2.11229
2665000,1.9488,2.11198
2670000,1.9888,2.11175
2675000,2.0032,2.11155
2680000,2.0272,2.11139
2685000,2.1088,2.11139
2690000,2.0624,2.1113
2695000,2.1216,2.11131
2700000,2.1792,2.11144
2705000,2.1184,2.11145
2710000,2.136,2.1115
2715000,1.9952,2.11128
2720000,1.9888,2.11106
2725000,1.9904,2.11084
2730000,1.968,2.11058
2735000,1.9072,2.1102
2740000,2.0048,2.11001
2745000,2.1504,2.11009
2750000,2.1024,2.11007
2755000,2.0192,2.10991
2760000,2.0144,2.10973
2765000,2.0624,2.10965
2770000,1.9488,2.10936
2775000,1.9552,2.10908
2780000,2,2.10888
2785000,2.1568,2.10897
2790000,1.9024,2.1086
2795000,1.9856,2.10838
2800000,1.9632,2.10812
2805000,2.0416,2.108
2810000,1.9136,2.10766
2815000,1.968,2.10741
2820000,1.9616,2.10715
2825000,1.968,2.1069
2830000,1.952,2.10663
2835000,1.936,2.10633
2840000,2.0208,2.10618
2845000,1.992,2.10598
2850000,2.0544,2.10589
2855000,1.9632,2.10564
2860000,1.9216,2.10531
2865000,1.9632,2.10507
2870000,1.9488,2.10479
2875000,2.0656,2.10473
2880000,2.0704,2.10467
2885000,1.9872,2.10446
2890000,2.0208,2.10432
2895000,2.0192,2.10417
2900000,1.9952,2.10398
2905000,2.0816,2.10394
2910000,2.0752,2.1039
2915000,1.9136,2.10357
2920000,1.96,2.10332
2925000,1.9888,2.10313
2930000,2.0672,2.10307
2935000,1.9824,2.10286
2940000,2.024,2.10273
2945000,2.1072,2.10273
2950000,2.0096,2.10258
2955000,2.0016,2.10241
2960000,1.9568,2.10216
2965000,1.9536,2.10191
2970000,2.024,2.10178
2975000,2.008,2.10162
2980000,1.96,2.10138
2985000,2.0672,2.10133
2990000,1.9616,2.10109
2995000,1.9632,2.10086
3000000,2.0048,2.1007
3005000,1.96,2.10047
3010000,1.9424,2.1002
3015000,1.936,2.09993
3020000,1.9536,2.09969
3025000,1.9792,2.09949
3030000,2.0096,2.09934
3035000,2.0128,2.0992
3040000,1.9632,2.09898
3045000,1.9248,2.09869
3050000,1.9888,2.09851
3055000,1.9568,2.09828
3060000,1.9488,2.09803
3065000,1.952,2.0978
3070000,1.944,2.09755
3075000,2.0096,2.0974
3080000,2.016,2.09727
3085000,1.9648,2.09706
3090000,1.9344,2.09679
3095000,1.9904,2.09662
3100000,1.9552,2.09639
3105000,1.9264,2.09612
3110000,2.0496,2.09604
3115000,2.0784,2.09602
3120000,1.9824,2.09583
3125000,2,2.09568
3130000,2.1056,2.0957
3135000,2.056,2.09563
3140000,2.0096,2.0955
3145000,1.9376,2.09524
3150000,2.112,2.09527
3155000,2.0208,2.09515
3160000,1.9808,2.09497
3165000,1.9616,2.09476
3170000,1.9072,2.09447
3175000,2.008,2.09433
3180000,1.9552,2.09411
3185000,1.9216,2.09384
3190000,1.976,2.09366
3195000,1.9792,2.09348
3200000,2.0048,2.09334
3205000,2.0304,2.09324
3210000,1.9248,2.09298
3215000,1.9936,2.09282
3220000,1.9456,2.09259
3225000,1.984,2.09243
3230000,1.992,2.09227
3235000,1.832,2.09187
3240000,1.9104,2.09159
3245000,1.9296,2.09134
3250000,1.904,2.09105
3255000,1.9392,2.09082
3260000,1.9136,2.09054
3265000,1.9024,2.09026
3270000,2.0032,2.09012
3275000,1.9648,2.08993
3280000,1.9168,2.08967
3285000,1.8848,2.08936
3290000,2.1168,2.0894
3295000,2.032,2.08931
3300000,2.1232,2.08936
3305000,2.1152,2.0894
3310000,2.1056,2.08943
3315000,1.92,2.08917
3320000,2.008,2.08905
3325000,1.9808,2.08889
3330000,2.0432,2.08882
3335000,2.1872,2.08896
3340000,2.1552,2.08906
3345000,2.0032,2.08894
3350000,1.9408,2.08871
3355000,1.8816,2.08841
3360000,1.9248,2.08816
3365000,1.9104,2.0879
3370000,2.1008,2.08792
3375000,2,2.08779
3380000,2.0032,2.08766
3385000,1.9472,2.08745
3390000,2.0096,2.08734
3395000,2.0112,2.08723
3400000,1.952,2.08703
3405000,1.9552,2.08683
3410000,1.8832,2.08654
3415000,1.9472,2.08633
3420000,1.9296,2.0861
3425000,1.896,2.08583
3430000,1.9152,2.08558
3435000,1.9264,2.08534
3440000,1.9632,2.08517
3445000,1.9376,2.08495
3450000,1.9104,2.0847
3455000,1.8752,2.0844
3460000,1.8912,2.08412
3465000,1.9664,2.08395
3470000,1.944,2.08375
3475000,1.9344,2.08353
3480000,2.0256,2.08345
3485000,1.9584,2.08327
3490000,1.9296,2.08305
3495000,1.9616,2.08287
3500000,2.0032,2.08276
3505000,1.9424,2.08256
3510000,1.8576,2.08224
3515000,1.8896,2.08197
3520000,1.9152,2.08173
3525000,1.9344,2.08152
3530000,1.9024,2.08127
3535000,1.9488,2.08108
3540000,1.9424,2.08088
3545000,1.9088,2.08064
3550000,2.0512,2.0806
3555000,2.024,2.08052
3560000,1.992,2.0804
3565000,1.9856,2.08026
3570000,1.9392,2.08006
3575000,1.9504,2.07988
3580000,1.8944,2.07962
3585000,2.0752,2.07962
3590000,2.0128,2.07953
3595000,1.9952,2.07941
3600000,1.9312,2.0792
3605000,1.9264,2.07899
3610000,1.9424,2.0788
3615000,1.9744,2.07866
3620000,1.9552,2.07849
3625000,1.9536,2.07831
3630000,2.0896,2.07833
3635000,1.9472,2.07815
3640000,1.9792,2.07801
3645000,2.0832,2.07802
3650000,2.0224,2.07794
3655000,2.0144,2.07786
3660000,1.8352,2.07753
3665000,1.9488,2.07735
3670000,1.9952,2.07724
3675000,2.0144,2.07715
3680000,1.9552,2.07699
3685000,1.8368,2.07666
3690000,1.9248,2.07646
3695000,1.9584,2.0763
3700000,1.9232,2.07609
3705000,1.9376,2.0759
3710000,1.9264,2.0757
3715000,1.9152,2.07548
3720000,1.9376,2.0753
3725000,1.9216,2.07509
3730000,1.88,2.07483
3735000,1.936,2.07465
3740000,1.9104,2.07443
3745000,1.96,2.07427
3750000,1.9216,2.07407
3755000,1.8944,2.07383
3760000,1.8624,2.07355
3765000,1.9056,2.07333
3770000,1.8416,2.07302
3775000,1.848,2.07272
3780000,2.056,2.0727
3785000,1.9232,2.0725
3790000,1.9168,2.0723
3795000,1.8816,2.07204
3800000,1.8912,2.07181
3805000,2.0064,2.07172
3810000,1.8864,2.07148
3815000,1.8864,2.07123
3820000,1.9056,2.07102
3825000,1.9312,2.07084
3830000,1.888,2.0706
3835000,1.9872,2.07049
3840000,2.0656,2.07048
3845000,2.0592,2.07047
3850000,1.976,2.07034
3855000,2.0416,2.07031
3860000,1.888,2.07007
3865000,2.416,2.07052
3870000,2.3456,2.07087
3875000,2.2464,2.0711
3880000,2.3056,2.0714
3885000,2.2928,2.07169
3890000,2.2208,2.07188
3895000,2.3264,2.07221
3900000,2.1984,2.07237
3905000,2.2288,2.07257
3910000,2.2784,2.07283
3915000,2.1824,2.07297
3920000,2.328,2.0733
3925000,2.2,2.07346
3930000,2.2032,2.07362
3935000,2.1328,2.0737
3940000,2.376,2.07408
3945000,2.2304,2.07428
3950000,2.3392,2.07461
3955000,2.2912,2.07489
3960000,2.1792,2.07502
3965000,2.24,2.07523
3970000,2.1664,2.07534
3975000,2.1552,2.07544
3980000,2.2016,2.0756
3985000,2.1024,2.07564
3990000,2.272,2.07588
3995000,2.2176,2.07606
4000000,2.1104,2.0761
4005000,2.1072,2.07614
4010000,2.2336,2.07634
4015000,2.0496,2.0763
4020000,2.12,2.07636
4025000,1.7216,2.07592
4030000,1.6288,2.07536
4035000,2.6096,2.07602
4040000,2.1024,2.07606
4045000,2.0752,2.07606
4050000,2.096,2.07608
4055000,2.0432,2.07604
4060000,2.0976,2.07607
4065000,2.1424,2.07615
4070000,2.1696,2.07626
4075000,2.0672,2.07625
4080000,2.0992,2.07628
4085000,2.0576,2.07626
4090000,2.0672,2.07625
4095000,2.0736,2.07624
4100000,2.1616,2.07635
4105000,2.1536,2.07644
4110000,2.0752,2.07644
4115000,2.1008,2.07647
4120000,2.0496,2.07644
4125000,2.0224,2.07637
4130000,2.0336,2.07632
4135000,2.0624,2.0763
4140000,2.0096,2.07622
4145000,2.0256,2.07616
4150000,2.0336,2.07611
4155000,2.0768,2.07611
4160000,2.1536,2.0762
4165000,2.0128,2.07613
4170000,2.0464,2.07609
4175000,2.0816,2.0761
4180000,2.1136,2.07614
4185000,2.1424,2.07622
4190000,2.0256,2.07616
4195000,2.112,2.07621
4200000,2.0752,2.0762
4205000,2.1488,2.07629
4210000,2.12,2.07634
4215000,2.072,2.07634
4220000,2.0384,2.07629
4225000,2.0512,2.07626
4230000,2.1216,2.07632
4235000,2.1344,2.07638
4240000,2.048,2.07635
4245000,2.056,2.07633
4250000,1.9936,2.07623
4255000,1.9808,2.07612
4260000,2.0144,2.07605
4265000,2.1072,2.07608
4270000,2.1552,2.07617
4275000,2.0176,2.07611
4280000,1.9872,2.076
4285000,1.9504,2.07586
4290000,1.96,2.07572
4295000,1.9408,2.07556
4300000,2.0832,2.07557
4305000,1.9936,2.07548
4310000,2.08,2.07548
4315000,2.0256,2.07542
4320000,1.992,2.07533
4325000,2.0416,2.07529
4330000,2.0256,2.07523
4335000,1.9648,2.0751
4340000,1.9296,2.07494
4345000,1.9984,2.07485
4350000,2.008,2.07477
4355000,2.0304,2.07472
4360000,1.9648,2.07459
4365000,2.0272,2.07454
4370000,1.968,2.07442
4375000,2.0848,2.07443
4380000,2.0496,2.0744
4385000,2.0496,2.07437
4390000,2.1376,2.07445
4395000,2.0256,2.07439
4400000,2.04,2.07435
4405000,2.0128,2.07428
4410000,2.048,2.07425
4415000,1.9712,2.07413
4420000,1.968,2.07401
4425000,1.9632,2.07389
4430000,2.0896,2.07391
4435000,2.088,2.07392
4440000,2.08,2.07393
4445000,2.1056,2.07397
4450000,2.0848,2.07398
4455000,2.0384,2.07394
4460000,2.104,2.07397
4465000,2.0528,2.07395
4470000,2.1296,2.07401
4475000,2.0544,2.07399
4480000,2.0352,2.07394
4485000,2,2.07386
4490000,1.9872,2.07377
4495000,2.0032,2.07369
4500000,1.9056,2.0735
4505000,2,2.07342
4510000,1.984,2.07332
4515000,1.9744,2.07321
4520000,2.0416,2.07318
4525000,1.9824,2.07307
4530000,1.9744,2.07297
4535000,2.1072,2.073
4540000,2.0016,2.07293
4545000,2.0064,2.07285
4550000,1.9808,2.07275
4555000,1.976,2.07264
4560000,1.9904,2.07255
4565000,1.9728,2.07245
4570000,2.0448,2.07241
4575000,1.984,2.07232
4580000,1.9664,2.0722
4585000,2.016,2.07214
4590000,1.9936,2.07206
4595000,2.0464,2.07203
4600000,2.0256,2.07198
4605000,1.9424,2.07184
4610000,1.976,2.07173
4615000,1.9072,2.07155
4620000,2.0096,2.07149
4625000,2.1712,2.0716
4630000,2.1472,2.07168
4635000,2.1024,2.07171
4640000,2.0752,2.07171
4645000,1.976,2.07161
4650000,1.9776,2.07151
4655000,2.0224,2.07146
4660000,1.968,2.07135
4665000,2.096,2.07137
4670000,2.0496,2.07135
4675000,1.968,2.07124
4680000,1.9904,2.07115
4685000,1.9904,2.07107
4690000,1.9984,2.07099
4695000,1.9792,2.07089
4700000,2.0192,2.07084
4705000,1.984,2.07074
4710000,2.0224,2.07069
4715000,2.0288,2.07065
4720000,1.9936,2.07057
4725000,1.9808,2.07047
4730000,2.1248,2.07053
4735000,2.0544,2.07051
4740000,2.0496,2.07049
4745000,1.976,2.07039
4750000,1.9744,2.07029
4755000,2.024,2.07024
4760000,2.0208,2.07019
4765000,2.1184,2.07024
4770000,2.1568,2.07033
4775000,2.0992,2.07036
4780000,2.12,2.07041
4785000,2.056,2.0704
4790000,2.0688,2.07039
4795000,2.0432,2.07037
4800000,2.0048,2.0703
4805000,1.9904,2.07022
4810000,2.0784,2.07022
4815000,2.0288,2.07018
4820000,2.0192,2.07013
4825000,1.9456,2.07
4830000,2.064,2.06999
4835000,2.0416,2.06996
4840000,2.0656,2.06996
4845000,2.072,2.06996
4850000,1.936,2.06982
4855000,1.9824,2.06973
4860000,1.9856,2.06965
4865000,2.128,2.06971
4870000,1.9184,2.06955
4875000,1.9808,2.06946
4880000,1.9808,2.06937
4885000,1.9712,2.06927
4890000,1.9984,2.0692
4895000,1.9968,2.06912
4900000,2.0032,2.06905
4905000,1.9152,2.0689
4910000,2.0704,2.0689
4915000,2.1008,2.06893
4920000,2.0128,2.06887
4925000,2.008,2.06881
4930000,1.9568,2.0687
4935000,2.0352,2.06867
4940000,1.912,2.06851
4945000,1.9984,2.06844
4950000,2.0368,2.0684
4955000,1.9984,2.06833
4960000,1.9712,2.06824
4965000,1.9536,2.06812
4970000,1.9328,2.06798
4975000,1.9664,2.06788
4980000,2.0368,2.06785
4985000,2.0864,2.06787
4990000,1.9824,2.06778
4995000,1.984,2.0677
5000000,1.9472,2.06758
5005000,2.016,2.06753
5010000,2.0368,2.0675
5015000,1.9984,2.06743
5020000,2.0352,2.0674
5025000,2.0624,2.06739
5030000,2.048,2.06737
5035000,2.0992,2.0674
5040000,2.1088,2.06744
5045000,2.0336,2.06741
5050000,2.0832,2.06743
5055000,1.9808,2.06734
5060000,2.0064,2.06728
5065000,1.9968,2.06721
5070000,1.9504,2.0671
5075000,2.0512,2.06708
5080000,2.0352,2.06705
5085000,2.0752,2.06706
5090000,2.0192,2.06701
5095000,1.9424,2.06689
5100000,2.0608,2.06688
5105000,2.0992,2.06691
5110000,2.0848,2.06693
5115000,2.0352,2.0669
5120000,2.0688,2.0669
5125000,1.9952,2.06683
5130000,1.9632,2.06673
5135000,1.9376,2.0666
5140000,1.9792,2.06652
5145000,1.9648,2.06642
5150000,1.984,2.06634
5155000,2.0288,2.0663
5160000,1.9152,2.06616
5165000,1.9216,2.06602
5170000,2.0032,2.06596
5175000,1.9728,2.06587
5180000,1.912,2.06572
5185000,1.96,2.06562
5190000,1.9312,2.06549
5195000,1.9104,2.06534
5200000,1.9248,2.0652
5205000,1.9536,2.0651
5210000,1.9184,2.06496
5215000,1.8752,2.06477
5220000,1.9568,2.06467
5225000,2.0464,2.06465
5230000,2.0272,2.06462
5235000,2.0528,2.06461
5240000,2.0496,2.06459
5245000,2.0608,2.06459
5250000,1.9296,2.06446
5255000,1.9216,2.06432
5260000,1.912,2.06418
5265000,1.9792,2.0641
5270000,1.9968,2.06403
5275000,1.9472,2.06392
5280000,2.3536,2.0642
5285000,2.0528,2.06419
5290000,1.9072,2.06404
5295000,1.9232,2.0639
5300000,1.8992,2.06375
5305000,1.976,2.06367
5310000,1.9648,2.06357
5315000,1.9952,2.06351
5320000,2.0096,2.06346
5325000,1.9984,2.0634
5330000,2.0352,2.06337
5335000,2.1136,2.06342
5340000,2.0896,2.06344
5345000,1.9728,2.06336
5350000,2.0112,2.06331
5355000,2.0144,2.06326
5360000,1.976,2.06318
5365000,1.9344,2.06306
5370000,1.9536,2.06296
5375000,2.0272,2.06293
5380000,2.0144,2.06288
5385000,1.9456,2.06277
5390000,1.9824,2.0627
5395000,1.9648,2.06261
5400000,1.9568,2.06251
5405000,1.8896,2.06235
5410000,1.9712,2.06227
5415000,1.9056,2.06212
5420000,1.952,2.06202
5425000,2.0672,2.06202
5430000,2.016,2.06198
5435000,1.9872,2.06191
5440000,2.0688,2.06192
5445000,2.0128,2.06187
5450000,1.936,2.06176
5455000,2.056,2.06175
5460000,2.0192,2.06171
5465000,1.9968,2.06165
5470000,1.9648,2.06157
5475000,1.9808,2.06149
5480000,1.928,2.06137
5485000,1.9072,2.06123
5490000,1.9632,2.06114
5495000,1.944,2.06103
5500000,1.96,2.06094
5505000,1.9408,2.06083
5510000,1.9456,2.06073
5515000,1.9616,2.06064
5520000,1.9264,2.06052
5525000,1.9024,2.06037
5530000,1.9728,2.0603
5535000,1.9776,2.06022
5540000,2.008,2.06017
5545000,2.0272,2.06014
5550000,1.9712,2.06006
5555000,2,2.06001
5560000,1.9024,2.05987
5565000,1.9488,2.05977
5570000,2.0032,2.05972
5575000,1.9856,2.05965
5580000,1.944,2.05955
5585000,1.984,2.05948
5590000,2.0864,2.0595
5595000,2.0144,2.05946
5600000,1.9376,2.05935
5605000,1.9312,2.05924
5610000,1.9088,2.05911
5615000,2.136,2.05917
5620000,1.9456,2.05907
5625000,1.9984,2.05902
5630000,2.0352,2.059
5635000,2.0528,2.05899
5640000,2.0192,2.05896
5645000,2.0528,2.05895
5650000,2.1376,2.05902
5655000,2.0752,2.05904
5660000,2.024,2.059
5665000,2.016,2.05897
5670000,1.912,2.05884
5675000,2.016,2.0588
5680000,2.024,2.05877
5685000,1.8976,2.05863
5690000,1.9184,2.0585
5695000,2.0032,2.05846
5700000,2.0688,2.05846
5705000,2.1008,2.0585
5710000,2.0624,2.05851
5715000,2.1168,2.05856
5720000,1.9472,2.05846
5725000,1.8576,2.05828
5730000,1.992,2.05823
5735000,2.024,2.0582
5740000,2,2.05814
5745000,1.9744,2.05807
5750000,1.9344,2.05796
5755000,1.8784,2.05781
5760000,1.9312,2.0577
5765000,1.8832,2.05755
5770000,1.9024,2.05741
5775000,2.064,2.05742
5780000,1.9952,2.05736
5785000,2.1344,2.05743
5790000,1.984,2.05737
5795000,2.12,2.05742
5800000,2.0752,2.05744
5805000,1.936,2.05733
5810000,2.0448,2.05732
5815000,2.0352,2.0573
5820000,1.9424,2.0572
5825000,1.9824,2.05714
5830000,1.9136,2.05702
5835000,1.9872,2.05696
5840000,2.0304,2.05693
5845000,2.1184,2.05699
5850000,1.9408,2.05689
5855000,1.9648,2.05681
5860000,2.0208,2.05678
5865000,1.9424,2.05668
5870000,1.9568,2.0566
5875000,1.9824,2.05653
5880000,1.9104,2.05641
5885000,1.9152,2.05629
5890000,1.976,2.05622
5895000,1.9424,2.05612
5900000,1.984,2.05606
5905000,1.9504,2.05597
5910000,1.9936,2.05592
5915000,2.0176,2.05589
5920000,1.968,2.05581
5925000,1.9808,2.05575
5930000,1.896,2.05562
5935000,2.0176,2.05558
5940000,2.0272,2.05556
5945000,1.952,2.05547
5950000,1.9712,2.0554
5955000,2.0432,2.05539
5960000,2.1664,2.05548
5965000,2.1344,2.05555
5970000,2.0736,2.05557
5975000,2.104,2.05561
5980000,2.1456,2.05568
5985000,1.6752,2.05536
5990000,1.9632,2.05529
5995000,2.5216,2.05568
6000000,2.136,2.05574
6005000,2.0544,2.05574
6010000,2.0912,2.05577
6015000,2.0128,2.05574
6020000,2.096,2.05577
6025000,2.1104,2.05581
6030000,2.0784,2.05583
6035000,2.0656,2.05584
6040000,2.0784,2.05586
6045000,2.056,2.05586
6050000,2.0928,2.05589
6055000,2.0096,2.05585
6060000,2.1504,2.05593
6065000,1.9456,2.05584
6070000,1.9872,2.05578
6075000,2.1392,2.05585
6080000,2.1984,2.05597
6085000,2.1696,2.05606
6090000,2.1104,2.05611
6095000,2.168,2.0562
6100000,2.1504,2.05628
6105000,2.0064,2.05623
6110000,2.0496,2.05623
6115000,2.0528,2.05623
6120000,2.08,2.05625
6125000,2.048,2.05624
6130000,2.1264,2.0563
6135000,2.088,2.05632
6140000,1.9824,2.05626
6145000,2.072,2.05627
6150000,2.2304,2.05642
6155000,2.0448,2.05641
6160000,2.072,2.05642
6165000,2.056,2.05642
6170000,2.0416,2.05641
6175000,2.1024,2.05644
6180000,2.0336,2.05643
6185000,2.032,2.05641
6190000,1.9728,2.05634
6195000,2.0912,2.05637
6200000,2.2144,2.05649
6205000,2.0368,2.05648
6210000,2.0672,2.05649
6215000,2.0304,2.05647
6220000,1.9584,2.05639
6225000,1.9968,2.05634
6230000,2.016,2.05631
6235000,2.1024,2.05634
6240000,2.1632,2.05643
6245000,2.0144,2.0564
6250000,2.064,2.0564
6255000,2.04,2.05639
6260000,1.9936,2.05634
6265000,2.0496,2.05633
6270000,2.048,2.05633
6275000,2.1584,2.05641
6280000,2.056,2.05641
6285000,2.0176,2.05638
6290000,2.072,2.05639
6295000,2.1104,2.05643
6300000,1.9728,2.05637
6305000,1.9824,2.05631
6310000,1.968,2.05624
6315000,1.9392,2.05614
6320000,2.0752,2.05616
6325000,1.9488,2.05607
6330000,1.9472,2.05599
6335000,2.1248,2.05604
6340000,2,2.056
6345000,2.0592,2.056
6350000,1.968,2.05593
6355000,2.0528,2.05593
6360000,2.1152,2.05598
6365000,2.0272,2.05595
6370000,2.1168,2.056
6375000,2.0144,2.05597
6380000,2.0784,2.05599
6385000,2.0224,2.05596
6390000,1.984,2.0559
6395000,2.0784,2.05592
6400000,2.064,2.05593
6405000,2.0288,2.05591
6410000,1.9296,2.05581
6415000,1.9888,2.05576
6420000,2.0176,2.05573
6425000,2.0832,2.05575
6430000,2.0208,2.05572
6435000,1.9568,2.05564
6440000,2.0528,2.05564
6445000,1.8768,2.0555
6450000,1.928,2.0554
6455000,1.9536,2.05532
6460000,1.984,2.05527
6465000,2.0288,2.05525
6470000,2.024,2.05522
6475000,1.976,2.05516
6480000,1.992,2.05511
6485000,1.944,2.05503
6490000,1.9232,2.05493
6495000,1.9856,2.05487
6500000,2.0416,2.05486
6505000,1.984,2.05481
6510000,2.1408,2.05488
6515000,2.048,2.05487
6520000,2.0208,2.05484
6525000,1.9696,2.05478
6530000,2.0352,2.05476
6535000,1.9808,2.05471
6540000,2.0016,2.05467
6545000,2.008,2.05463
6550000,2.0272,2.05461
6555000,2.0048,2.05457
6560000,2.0704,2.05458
6565000,2.0656,2.05459
6570000,2.0368,2.05458
6575000,1.9728,2.05452
6580000,1.912,2.05441
6585000,1.9904,2.05436
6590000,2.04,2.05435
6595000,2.0512,2.05435
6600000,2.0864,2.05437
6605000,1.928,2.05428
6610000,1.9504,2.0542
6615000,1.9408,2.05411
6620000,1.968,2.05405
6625000,2.0224,2.05402
6630000,2.0304,2.054
6635000,2.0208,2.05398
6640000,2.04,2.05397
6645000,2.0448,2.05396
6650000,2.136,2.05402
6655000,2.0704,2.05404
6660000,2.016,2.05401
6665000,2.0832,2.05403
6670000,2.0304,2.05401
6675000,1.9648,2.05394
6680000,2.0512,2.05394
6685000,2.0224,2.05392
6690000,2.056,2.05392
6695000,1.9824,2.05387
6700000,2.0368,2.05385
6705000,1.9936,2.05381
6710000,2.032,2.05379
6715000,1.9648,2.05373
6720000,2.04,2.05372
6725000,2.0352,2.0537
6730000,2.0992,2.05374
6735000,2.144,2.0538
6740000,1.9856,2.05375
6745000,1.9968,2.05371
6750000,1.9856,2.05366
6755000,1.9952,2.05362
6760000,2.0304,2.0536
6765000,2.0464,2.05359
6770000,2.0784,2.05361
6775000,1.9824,2.05356
6780000,2.0176,2.05353
6785000,2.0368,2.05352
6790000,1.96,2.05345
6795000,1.9808,2.0534
6800000,2.0256,2.05338
6805000,1.9552,2.05331
6810000,1.9168,2.05321
6815000,1.9952,2.05316
6820000,2.008,2.05313
6825000,1.9696,2.05307
6830000,1.9504,2.05299
6835000,1.9056,2.05289
6840000,1.9888,2.05284
6845000,2.0432,2.05283
6850000,2.0288,2.05282
6855000,1.968,2.05275
6860000,1.9568,2.05268
6865000,2.0384,2.05267
6870000,2.072,2.05269
6875000,1.9728,2.05263
6880000,1.9936,2.05259
6885000,2.0144,2.05256
6890000,2.0784,2.05258
6895000,1.9216,2.05248
6900000,1.968,2.05242
6905000,2.0688,2.05243
6910000,1.9216,2.05234
6915000,2.0352,2.05233
6920000,1.9296,2.05224
6925000,2.0112,2.05221
6930000,1.9904,2.05216
6935000,2.1232,2.05221
6940000,1.9072,2.05211
6945000,1.9504,2.05204
6950000,2.0064,2.052
6955000,1.9488,2.05193
6960000,1.9472,2.05185
6965000,1.9824,2.0518
6970000,1.9968,2.05176
6975000,1.8992,2.05166
6980000,1.9904,2.05161
6985000,1.9376,2.05153
6990000,2.0464,2.05153
6995000,2.1232,2.05158
7000000,2.1328,2.05164
7005000,2.048,2.05163
7010000,2.0832,2.05166
7015000,2.0848,2.05168
7020000,2.0192,2.05166
7025000,2.0528,2.05166
7030000,2.1024,2.05169
7035000,2.0704,2.05171
7040000,1.9968,2.05167
7045000,1.952,2.0516
7050000,1.9168,2.0515
7055000,2.0688,2.05151
7060000,1.9504,2.05144
7065000,1.9728,2.05139
7070000,1.9952,2.05135
7075000,2.1088,2.05139
7080000,2.1008,2.05142
7085000,1.9872,2.05138
7090000,2.0192,2.05135
7095000,2.0384,2.05134
7100000,2.0496,2.05134
7105000,2.0368,2.05133
7110000,2,2.0513
7115000,2.0192,2.05127
7120000,2.064,2.05128
7125000,2.0416,2.05128
7130000,2.08,2.0513
7135000,2.0656,2.05131
7140000,1.9456,2.05123
7145000,2.0272,2.05122
7150000,1.904,2.05111
7155000,1.9856,2.05107
7160000,1.9456,2.05099
7165000,2.0064,2.05096
7170000,2.0432,2.05096
7175000,1.9776,2.05091
7180000,1.9408,2.05083
7185000,2,2.05079
7190000,1.944,2.05072
7195000,1.9728,2.05067
7200000,1.9744,2.05061
7205000,1.9904,2.05057
7210000,2,2.05054
7215000,2.0176,2.05051
7220000,2.1264,2.05057
7225000,1.9488,2.05049
7230000,1.9152,2.0504
7235000,1.9648,2.05034
7240000,1.96,2.05028
7245000,1.9616,2.05022
7250000,1.9856,2.05017
7255000,1.9808,2.05013
7260000,2.0592,2.05013
7265000,2.0432,2.05013
7270000,1.9616,2.05007
7275000,2.088,2.05009
7280000,2.0064,2.05006
7285000,1.9888,2.05002
7290000,2.0352,2.05001
7295000,1.9952,2.04997
7300000,2.0288,2.04996
7305000,1.9584,2.0499
7310000,1.9952,2.04986
7315000,2.1024,2.04989
7320000,1.976,2.04984
7325000,2.0112,2.04982
7330000,2.0672,2.04983
7335000,1.9952,2.04979
7340000,1.9232,2.04971
7345000,1.9552,2.04964
7350000,1.8704,2.04952
7355000,1.8704,2.0494
7360000,1.9232,2.04931
7365000,1.9536,2.04925
7370000,1.9232,2.04916
7375000,1.9472,2.04909
7380000,1.9488,2.04902
7385000,1.9968,2.04899
7390000,2.024,2.04897
7395000,1.944,2.0489
7400000,2.008,2.04887
7405000,1.992,2.04884
7410000,1.9424,2.04876
7415000,1.9248,2.04868
7420000,1.984,2.04864
7425000,1.976,2.04859
7430000,1.9248,2.0485
7435000,2.0192,2.04848
7440000,2.0192,2.04846
7445000,2.0224,2.04845
7450000,2.0112,2.04842
7455000,1.9312,2.04834
7460000,2.0176,2.04832
7465000,2.1104,2.04836
7470000,2.0608,2.04837
7475000,1.9696,2.04832
7480000,1.9504,2.04825
7485000,1.8336,2.04811
7490000,1.9424,2.04804
7495000,1.928,2.04796
7500000,1.9104,2.04787
7505000,1.9552,2.04781
7510000,1.9936,2.04777
7515000,1.9952,2.04774
7520000,1.9984,2.0477
7525000,1.888,2.0476
7530000,1.848,2.04746
7535000,1.9264,2.04738
7540000,1.9632,2.04733
7545000,2.0704,2.04734
7550000,1.9472,2.04728
7555000,1.8976,2.04718
7560000,2,2.04715
7565000,2.0832,2.04717
7570000,1.9552,2.04711
7575000,1.9744,2.04706
7580000,1.9056,2.04697
7585000,1.9856,2.04693
7590000,1.944,2.04686
7595000,1.912,2.04677
7600000,1.8352,2.04663
7605000,1.864,2.04651
7610000,1.896,2.04641
7615000,1.9712,2.04636
7620000,2.016,2.04634
7625000,1.9616,2.04629
7630000,1.984,2.04625
7635000,2.032,2.04624
7640000,1.944,2.04617
7645000,2.0016,2.04614
7650000,2.0384,2.04614
7655000,2.0608,2.04615
7660000,2.024,2.04613
7665000,1.9344,2.04606
7670000,2.0272,2.04605
7675000,1.9936,2.04601
7680000,2.0288,2.046
7685000,1.9808,2.04596
7690000,1.9536,2.0459
7695000,1.9936,2.04587
7700000,1.9968,2.04583
7705000,2.0256,2.04582
7710000,2.1584,2.04589
7715000,2.0368,2.04589
7720000,2.0592,2.0459
7725000,2.0608,2.04591
7730000,1.9776,2.04586
7735000,2.1488,2.04593
7740000,2.152,2.046
7745000,2.1392,2.04606
7750000,2.0464,2.04606
7755000,2.0336,2.04605
7760000,2.056,2.04606
7765000,1.8864,2.04595
7770000,2.0064,2.04593
7775000,1.9616,2.04587
7780000,1.9792,2.04583
7785000,1.9248,2.04575
7790000,1.952,2.04569
7795000,1.896,2.0456
7800000,1.9824,2.04556
7805000,1.9664,2.04551
7810000,1.9168,2.04542
7815000,2.1808,2.04551
7820000,2.088,2.04554
7825000,2.008,2.04551
7830000,1.976,2.04547
7835000,2.0816,2.04549
7840000,2.0384,2.04549
7845000,1.9632,2.04543
7850000,1.9744,2.04539
7855000,2,2.04536
7860000,2.0368,2.04535
7865000,2.0432,2.04535
7870000,2.0992,2.04539
7875000,2.0368,2.04538
7880000,2.2496,2.04551
7885000,2.0208,2.0455
7890000,2.0528,2.0455
7895000,1.992,2.04547
7900000,1.9776,2.04542
7905000,2.0384,2.04542
7910000,1.9296,2.04535
7915000,2.0176,2.04533
7920000,1.9456,2.04527
7925000,1.984,2.04523
7930000,1.9488,2.04517
7935000,2.008,2.04514
7940000,1.936,2.04507
7945000,1.9056,2.04499
7950000,1.936,2.04492
7955000,1.912,2.04483
7960000,1.9872,2.0448
7965000,1.888,2.0447
7970000,1.9616,2.04465
7975000,1.9568,2.04459
7980000,2.0432,2.04459
7985000,1.9968,2.04456
7990000,1.7792,2.0444
7995000,1.6672,2.04416
8000000,2.104,2.0442
8005000,2.224,2.04431
8010000,2.1472,2.04437
8015000,2.1184,2.04442
8020000,2.184,2.04451
8025000,2.0784,2.04453
8030000,2.0832,2.04455
8035000,1.9888,2.04452
8040000,2.0704,2.04453
8045000,2.1168,2.04458
8050000,2.2256,2.04469
8055000,2.04,2.04469
8060000,1.9792,2.04465
8065000,1.7072,2.04444
8070000,1.6624,2.0442
8075000,2.2736,2.04434
8080000,2.2432,2.04447
8085000,2.208,2.04457
8090000,2.248,2.04469
8095000,2.0528,2.0447
8100000,1.9504,2.04464
8105000,1.56,2.04434
8110000,1.8496,2.04422
8115000,2.1088,2.04426
8120000,2.112,2.0443
8125000,2.0816,2.04433
8130000,2.1328,2.04438
8135000,2.1424,2.04444
8140000,2.024,2.04443
8145000,2.1264,2.04448
8150000,2.0176,2.04446
8155000,2.0512,2.04447
8160000,2.0608,2.04448
8165000,2.0352,2.04447
8170000,2.0096,2.04445
8175000,1.6128,2.04418
8180000,1.776,2.04402
8185000,2.0656,2.04403
8190000,2.184,2.04412
8195000,2.0528,2.04412
8200000,2.016,2.04411
8205000,2.0432,2.04411
8210000,2.0736,2.04412
8215000,2.0176,2.04411
8220000,1.9312,2.04404
8225000,2.0432,2.04404
8230000,2.048,2.04404
8235000,2.0608,2.04405
8240000,2.0736,2.04407
8245000,2.0384,2.04407
8250000,2.0704,2.04408
8255000,2.1088,2.04412
8260000,2.0384,2.04412
8265000,2.0752,2.04414
8270000,2.1568,2.04421
8275000,2.0336,2.0442
8280000,2.0368,2.04419
8285000,1.9808,2.04416
8290000,1.9888,2.04412
8295000,2.0528,2.04413
8300000,1.9888,2.04409
8305000,1.9856,2.04406
8310000,2.088,2.04409
8315000,2.0304,2.04408
8320000,1.992,2.04405
8325000,2.1312,2.0441
8330000,2.0784,2.04412
8335000,2.1168,2.04416
8340000,2.0864,2.04419
8345000,2.0496,2.04419
8350000,2.0256,2.04418
8355000,2.0832,2.0442
8360000,2.0272,2.04419
8365000,2.0496,2.0442
8370000,1.9856,2.04416
8375000,2.0992,2.04419
8380000,2.064,2.04421
8385000,2.0496,2.04421
8390000,1.9856,2.04417
8395000,2.056,2.04418
8400000,1.9904,2.04415
8405000,1.9984,2.04412
8410000,2.048,2.04412
8415000,2.0464,2.04413
8420000,2.048,2.04413
8425000,1.9808,2.04409
8430000,2.0128,2.04407
8435000,1.9792,2.04403
8440000,2.0352,2.04403
8445000,2.0704,2.04404
8450000,2.0128,2.04403
8455000,1.9424,2.04397
8460000,1.9536,2.04391
8465000,2.1184,2.04396
8470000,2.0384,2.04395
8475000,2.0128,2.04393
8480000,2.0544,2.04394
8485000,2.0464,2.04394
8490000,2.032,2.04393
8495000,2.0672,2.04395
8500000,2.0496,2.04395
8505000,1.9936,2.04392
8510000,1.9568,2.04387
8515000,1.8848,2.04378
8520000,2.04,2.04378
8525000,1.9552,2.04372
8530000,2.0672,2.04374
8535000,1.9728,2.0437
8540000,1.8944,2.04361
8545000,1.9824,2.04357
8550000,1.9776,2.04353
8555000,1.9824,2.0435
8560000,2.024,2.04349
8565000,1.9232,2.04342
8570000,1.9824,2.04338
8575000,1.9968,2.04335
8580000,1.9824,2.04332
8585000,1.9584,2.04327
8590000,1.9616,2.04322
8595000,1.9952,2.04319
8600000,2.0032,2.04317
8605000,2.0512,2.04317
8610000,2.08,2.0432
8615000,1.9408,2.04314
8620000,2.008,2.04312
8625000,1.9888,2.04308
8630000,1.9424,2.04303
8635000,1.9648,2.04298
8640000,1.928,2.04291
8645000,1.992,2.04289
8650000,2.0704,2.0429
8655000,1.9408,2.04284
8660000,1.9616,2.0428
8665000,2.0016,2.04277
8670000,1.9504,2.04272
8675000,2.0432,2.04272
8680000,1.9808,2.04268
8685000,1.9408,2.04262
8690000,1.9648,2.04258
8695000,1.9872,2.04255
8700000,2.0848,2.04257
8705000,1.9664,2.04253
8710000,2.0368,2.04252
8715000,1.9728,2.04248
8720000,2.04,2.04248
8725000,1.992,2.04245
8730000,2.0048,2.04243
8735000,2.0384,2.04243
8740000,1.9728,2.04239
8745000,2.096,2.04242
8750000,2.0272,2.04241
8755000,2,2.04239
8760000,1.9344,2.04233
8765000,1.928,2.04226
8770000,2.0304,2.04225
8775000,1.8864,2.04217
8780000,2.016,2.04215
8785000,2.12,2.0422
8790000,2.0288,2.04219
8795000,2.1008,2.04222
8800000,2.0608,2.04223
8805000,2.0848,2.04226
8810000,2.0288,2.04225
8815000,2.0224,2.04224
8820000,1.9888,2.04221
8825000,2.104,2.04224
8830000,2.1088,2.04228
8835000,2.016,2.04226
8840000,1.9904,2.04224
8845000,1.9248,2.04217
8850000,2.024,2.04216
8855000,1.9472,2.04211
8860000,2.0032,2.04208
8865000,1.9856,2.04205
8870000,2.0848,2.04208
8875000,1.9696,2.04203
8880000,2.0208,2.04202
8885000,2.1008,2.04206
8890000,2.064,2.04207
8895000,1.9968,2.04204
8900000,1.952,2.04199
8905000,2.0608,2.042
8910000,1.9248,2.04194
8915000,1.9504,2.04189
8920000,2.008,2.04187
8925000,1.9904,2.04184
8930000,1.8736,2.04174
8935000,1.992,2.04172
8940000,2.0288,2.04171
8945000,2.0496,2.04171
8950000,2.0208,2.0417
8955000,2.0624,2.04171
8960000,2.016,2.0417
8965000,1.9536,2.04165
8970000,1.9616,2.0416
8975000,2,2.04158
8980000,1.9792,2.04155
8985000,1.9872,2.04152
8990000,2.056,2.04152
8995000,2.0384,2.04152
9000000,1.9344,2.04146
9005000,1.9616,2.04142
9010000,1.9168,2.04135
9015000,1.9936,2.04132
9020000,2.0048,2.0413
9025000,2.0048,2.04128
9030000,1.992,2.04126
9035000,1.9728,2.04122
9040000,1.9584,2.04117
9045000,1.9648,2.04113
9050000,1.9824,2.0411
9055000,1.9616,2.04105
9060000,2.032,2.04105
9065000,1.9696,2.04101
9070000,2.0192,2.041
9075000,1.9648,2.04095
9080000,1.968,2.04091
9085000,2.0016,2.04089
9090000,2.0016,2.04087
9095000,1.9664,2.04083
9100000,1.9472,2.04078
9105000,1.9568,2.04073
9110000,1.96,2.04069
9115000,2.0128,2.04067
9120000,2.0912,2.0407
9125000,2.0336,2.0407
9130000,1.9488,2.04065
9135000,2.096,2.04068
9140000,2.0784,2.0407
9145000,2.0736,2.04072
9150000,2.032,2.04071
9155000,1.984,2.04068
9160000,2.0016,2.04066
9165000,1.9584,2.04061
9170000,1.9776,2.04058
9175000,1.9648,2.04054
9180000,1.9904,2.04051
9185000,1.9856,2.04048
9190000,1.9936,2.04046
9195000,1.9584,2.04041
9200000,1.9984,2.04039
9205000,2.016,2.04037
9210000,1.9888,2.04035
9215000,2.0032,2.04033
9220000,1.9792,2.04029
9225000,1.9904,2.04027
9230000,1.9712,2.04023
9235000,1.9168,2.04016
9240000,2.0576,2.04017
9245000,1.9328,2.04011
9250000,1.9776,2.04008
9255000,1.9664,2.04004
9260000,2.0352,2.04004
9265000,1.9792,2.04
9270000,2.0448,2.04001
9275000,1.9872,2.03998
9280000,1.9232,2.03992
9285000,1.968,2.03988
9290000,2.0336,2.03987
9295000,2.096,2.0399
9300000,1.992,2.03988
9305000,2.0544,2.03989
9310000,1.9264,2.03982
9315000,2.0256,2.03982
9320000,1.9744,2.03978
9325000,1.9488,2.03973
9330000,1.8928,2.03965
9335000,1.976,2.03962
9340000,2.0336,2.03962
9345000,1.9904,2.03959
9350000,2.0288,2.03959
9355000,1.9856,2.03956
9360000,1.9424,2.0395
9365000,1.9552,2.03946
9370000,1.96,2.03942
9375000,1.9824,2.03939
9380000,1.928,2.03933
9385000,2.0032,2.03931
9390000,2,2.03929
9395000,1.9792,2.03925
9400000,2.0032,2.03924
9405000,1.9952,2.03921
9410000,1.9504,2.03917
9415000,1.9872,2.03914
9420000,2.1008,2.03917
9425000,1.9248,2.03911
9430000,2.0016,2.03909
9435000,1.9648,2.03905
9440000,1.952,2.039
9445000,1.9456,2.03895
9450000,1.9712,2.03892
9455000,1.9728,2.03888
9460000,2.0112,2.03887
9465000,2.0176,2.03886
9470000,1.8864,2.03878
9475000,1.952,2.03873
9480000,1.9984,2.03871
9485000,1.9232,2.03865
9490000,1.8816,2.03857
9495000,1.8816,2.03848
9500000,1.9216,2.03842
9505000,1.96,2.03838
9510000,1.9904,2.03836
9515000,2.0208,2.03835
9520000,1.9872,2.03832
9525000,2.0224,2.03831
9530000,2.0096,2.0383
9535000,2.024,2.03829
9540000,1.9904,2.03826
9545000,1.9504,2.03822
9550000,1.9936,2.03819
9555000,1.9984,2.03817
9560000,1.9344,2.03812
9565000,1.9504,2.03807
9570000,1.9408,2.03802
9575000,2.0192,2.03801
9580000,2.008,2.038
9585000,2.0224,2.03799
9590000,1.9824,2.03796
9595000,1.9392,2.03791
9600000,1.9632,2.03787
9605000,1.9872,2.03784
9610000,2.0016,2.03782
9615000,2.0448,2.03783
9620000,1.9824,2.0378
9625000,1.9168,2.03774
9630000,1.6816,2.03755
9635000,1.6,2.03732
9640000,2.2288,2.03742
9645000,2.1984,2.03751
9650000,1.9936,2.03748
9655000,2.0912,2.03751
9660000,2.128,2.03756
9665000,2.0432,2.03756
9670000,2.1152,2.0376
9675000,2.0816,2.03763
9680000,2.1152,2.03767
9685000,2.0816,2.03769
9690000,2.0528,2.0377
9695000,2.0848,2.03772
9700000,2.0336,2.03772
9705000,2.0192,2.03771
9710000,2.1072,2.03774
9715000,2.0784,2.03777
9720000,2.0656,2.03778
9725000,2.1088,2.03782
9730000,2.1392,2.03787
9735000,2.1504,2.03793
9740000,2.0528,2.03793
9745000,2.1232,2.03798
9750000,2.0928,2.03801
9755000,2.136,2.03806
9760000,2.08,2.03808
9765000,2.1088,2.03811
9770000,2.1008,2.03815
9775000,2.0528,2.03815
9780000,1.9184,2.03809
9785000,2.0448,2.0381
9790000,2.0208,2.03809
9795000,2.0352,2.03808
9800000,2.0624,2.0381
9805000,2.1184,2.03814
9810000,1.664,2.03795
9815000,1.5888,2.03772
9820000,2.1184,2.03776
9825000,2.192,2.03784
9830000,2.104,2.03787
9835000,2.0944,2.0379
9840000,2.0544,2.03791
9845000,2.0528,2.03792
9850000,2.1312,2.03796
9855000,2.1136,2.038
9860000,1.9856,2.03798
9865000,2.0096,2.03796
9870000,2.1776,2.03803
9875000,2.168,2.0381
9880000,2.04,2.0381
9885000,2.0352,2.0381
9890000,2.0512,2.0381
9895000,2,2.03808
9900000,2.0224,2.03808
9905000,2.024,2.03807
9910000,1.9808,2.03804
9915000,2.0192,2.03803
9920000,2.0736,2.03805
9925000,1.9872,2.03802
9930000,2.0288,2.03802
9935000,2.0432,2.03802
9940000,2.016,2.03801
9945000,1.9824,2.03798
9950000,1.92,2.03792
9955000,2.0032,2.03791
9960000,1.9568,2.03787
9965000,1.9888,2.03784
9970000,1.9744,2.03781
9975000,1.9792,2.03778
9980000,1.9296,2.03773
9985000,1.976,2.03769
9990000,2.0272,2.03769
