BytesProcessados,L_Barra_Janela,L_Barra_Acumulado,Entropia_Ordem0,Entropia_OrdemK,Valor_K,L_Barra_Teorico
5000,1.7376,1.7376,5.51815,0.82095,4,1.73802
10000,0.8256,1.2816,5.51815,0.82095,4,1.28182
15000,0.7408,1.10133,5.51815,0.82095,4,1.10159
20000,0.6784,0.9956,5.51815,0.82095,4,0.996093
25000,0.6704,0.93056,5.51815,0.82095,4,0.930809
30000,0.6688,0.886933,5.51815,0.82095,4,0.88711
35000,0.6304,0.850286,5.51815,0.82095,4,0.850323
40000,0.6352,0.8234,5.51815,0.82095,4,0.823613
45000,0.6464,0.803733,5.51815,0.82095,4,0.803822
50000,0.6368,0.78704,5.51815,0.82095,4,0.787148
55000,0.6064,0.770618,5.51815,0.82095,4,0.770757
60000,0.656,0.761067,5.51815,0.82095,4,0.761087
65000,0.6112,0.749538,5.51815,0.82095,4,0.74962
70000,0.6464,0.742171,5.51815,0.82095,4,0.742248
75000,0.592,0.73216,5.51815,0.82095,4,0.732219
80000,0.5904,0.7233,5.51815,0.82095,4,0.723404
85000,0.5952,0.715765,5.51815,0.82095,4,0.715868
90000,0.6304,0.711022,5.51815,0.82095,4,0.711081
95000,0.576,0.703916,5.51815,0.82095,4,0.703995
100000,0.5568,0.69656,5.51815,0.82095,4,0.696635
105000,0.5888,0.691429,5.51815,0.82095,4,0.691499
110000,0.6224,0.688291,5.51815,0.82095,4,0.688355
115000,0.776,0.692104,5.51815,0.82095,4,0.692168
120000,1.2752,0.7164,5.51815,0.82095,4,0.716476
125000,0.704,0.715904,5.51815,0.82095,4,0.715944
130000,0.6544,0.713538,5.51815,0.82095,4,0.713612
135000,0.7584,0.7152,5.51815,0.82095,4,0.715245
140000,0.7856,0.717714,5.51815,0.82095,4,0.717816
145000,0.6592,0.715697,5.51815,0.82095,4,0.715702
150000,0.7184,0.715787,5.51815,0.82095,4,0.715802
155000,0.6048,0.712206,5.51815,0.82095,4,0.712218
160000,0.5552,0.7073,5.51815,0.82095,4,0.707311
165000,0.6464,0.705455,5.51815,0.82095,4,0.705489
170000,0.7008,0.705318,5.51815,0.82095,4,0.705338
175000,0.6816,0.70464,5.51815,0.82095,4,0.704656
180000,0.6624,0.703467,5.51815,0.82095,4,0.703484
185000,0.712,0.703697,5.51815,0.82095,4,0.703724
190000,0.5728,0.700253,5.51815,0.82095,4,0.700275
195000,0.5664,0.696821,5.51815,0.82095,4,0.696856
200000,0.608,0.6946,5.51815,0.82095,4,0.694622
205000,0.5488,0.691044,5.51815,0.82095,4,0.691082
210000,0.5744,0.688267,5.51815,0.82095,4,0.688294
215000,0.5488,0.685023,5.51815,0.82095,4,0.685059
220000,0.5168,0.6812,5.51815,0.82095,4,0.681214
225000,0.5648,0.678613,5.51815,0.82095,4,0.678654
230000,0.6416,0.677809,5.51815,0.82095,4,0.677839
235000,0.5408,0.674894,5.51815,0.82095,4,0.674914
240000,0.5504,0.6723,5.51815,0.82095,4,0.672317
245000,0.6256,0.671347,5.51815,0.82095,4,0.671396
250000,0.6736,0.671392,5.51815,0.82095,4,0.67142
255000,0.6176,0.670337,5.51815,0.82095,4,0.670352
260000,0.5712,0.668431,5.51815,0.82095,4,0.668453
265000,0.6112,0.667351,5.51815,0.82095,4,0.667365
270000,0.5808,0.665748,5.51815,0.82095,4,0.665781
275000,0.5568,0.663767,5.51815,0.82095,4,0.663797
280000,0.5872,0.6624,5.51815,0.82095,4,0.662407
285000,0.5408,0.660267,5.51815,0.82095,4,0.660275
290000,0.5776,0.658841,5.51815,0.82095,4,0.658864
295000,0.5488,0.656976,5.51815,0.82095,4,0.656977
300000,0.5616,0.655387,5.51815,0.82095,4,0.655396
305000,0.56,0.653823,5.51815,0.82095,4,0.65385
310000,0.5344,0.651897,5.51815,0.82095,4,0.651917
315000,0.5568,0.650387,5.51815,0.82095,4,0.650415
320000,0.5488,0.6488,5.51815,0.82095,4,0.648815
325000,0.6704,0.649132,5.51815,0.82095,4,0.649178
330000,0.5104,0.64703,5.51815,0.82095,4,0.647046
335000,0.528,0.645254,5.51815,0.82095,4,0.645273
340000,0.4944,0.643035,5.51815,0.82095,4,0.643042
345000,0.5408,0.641554,5.51815,0.82095,4,0.641564
350000,0.5552,0.64032,5.51815,0.82095,4,0.640337
355000,0.552,0.639076,5.51815,0.82095,4,0.639094
360000,0.4848,0.636933,5.51815,0.82095,4,0.636945
365000,0.5008,0.635068,5.51815,0.82095,4,0.635078
370000,0.536,0.63373,5.51815,0.82095,4,0.633748
375000,0.5504,0.632619,5.51815,0.82095,4,0.63262
380000,0.48,0.630611,5.51815,0.82095,4,0.630635
385000,0.4928,0.628821,5.51815,0.82095,4,0.628823
390000,0.5216,0.627446,5.51815,0.82095,4,0.627448
395000,0.5408,0.626349,5.51815,0.82095,4,0.62636
400000,0.4768,0.62448,5.51815,0.82095,4,0.624492
405000,0.488,0.622795,5.51815,0.82095,4,0.622805
410000,0.5152,0.621483,5.51815,0.82095,4,0.621501
415000,0.5664,0.620819,5.51815,0.82095,4,0.620836
420000,0.656,0.621238,5.51815,0.82095,4,0.621243
425000,0.7344,0.622569,5.51815,0.82095,4,0.62258
430000,0.7696,0.624279,5.51815,0.82095,4,0.624292
435000,0.8128,0.626446,5.51815,0.82095,4,0.626466
440000,0.7872,0.628273,5.51815,0.82095,4,0.628286
445000,0.7392,0.629519,5.51815,0.82095,4,0.629535
450000,0.7152,0.630471,5.51815,0.82095,4,0.630477
455000,0.704,0.631279,5.51815,0.82095,4,0.631285
460000,0.6576,0.631565,5.51815,0.82095,4,0.631582
465000,0.656,0.631828,5.51815,0.82095,4,0.631842
470000,0.648,0.632,5.51815,0.82095,4,0.632015
475000,0.6272,0.631949,5.51815,0.82095,4,0.631958
480000,0.6288,0.631917,5.51815,0.82095,4,0.631937
485000,0.6224,0.631819,5.51815,0.82095,4,0.63183
490000,0.6432,0.631935,5.51815,0.82095,4,0.631951
495000,0.6576,0.632194,5.51815,0.82095,4,0.632206
500000,0.6496,0.632368,5.51815,0.82095,4,0.632379
505000,0.6528,0.63257,5.51815,0.82095,4,0.632582
510000,0.6208,0.632455,5.51815,0.82095,4,0.632478
515000,0.6064,0.632202,5.51815,0.82095,4,0.632209
520000,0.6096,0.631985,5.51815,0.82095,4,0.631996
525000,0.6,0.63168,5.51815,0.82095,4,0.631684
530000,0.7056,0.632377,5.51815,0.82095,4,0.632383
535000,0.6,0.632075,5.51815,0.82095,4,0.632082
540000,0.648,0.632222,5.51815,0.82095,4,0.632225
545000,0.6176,0.632088,5.51815,0.82095,4,0.632099
550000,0.6336,0.632102,5.51815,0.82095,4,0.632114
555000,0.5984,0.631798,5.51815,0.82095,4,0.63181
560000,0.6688,0.632129,5.51815,0.82095,4,0.632137
565000,0.6272,0.632085,5.51815,0.82095,4,0.632104
570000,0.6016,0.631818,5.51815,0.82095,4,0.631825
575000,0.624,0.63175,5.51815,0.82095,4,0.631757
580000,0.5808,0.63131,5.51815,0.82095,4,0.631318
585000,0.592,0.630974,5.51815,0.82095,4,0.630983
590000,0.5792,0.630536,5.51815,0.82095,4,0.630543
595000,0.6064,0.630333,5.51815,0.82095,4,0.630352
600000,2.88,0.64908,5.51815,0.82095,4,0.649089
605000,4.0416,0.677117,5.51815,0.82095,4,0.677128
610000,2.3296,0.690662,5.51815,0.82095,4,0.690669
615000,2.2496,0.703337,5.51815,0.82095,4,0.703345
620000,2.5536,0.718258,5.51815,0.82095,4,0.718264
625000,1.9312,0.727962,5.51815,0.82095,4,0.727968
630000,2.2496,0.740038,5.51815,0.82095,4,0.740048
635000,2.2496,0.751924,5.51815,0.82095,4,0.751928
640000,2.0544,0.7621,5.51815,0.82095,4,0.762102
645000,2.088,0.772378,5.51815,0.82095,4,0.772388
650000,1.6832,0.779385,5.51815,0.82095,4,0.779396
655000,1.7952,0.787139,5.51815,0.82095,4,0.787149
660000,1.672,0.793842,5.51815,0.82095,4,0.79385
665000,1.9344,0.802418,5.51815,0.82095,4,0.80242
670000,1.7008,0.809122,5.51815,0.82095,4,0.80913
675000,1.5696,0.814756,5.51815,0.82095,4,0.814765
680000,1.7632,0.821729,5.51815,0.82095,4,0.821734
685000,1.4832,0.826558,5.51815,0.82095,4,0.826562
690000,1.3824,0.830586,5.51815,0.82095,4,0.830588
695000,1.6464,0.836455,5.51815,0.82095,4,0.836457
700000,1.4224,0.84064,5.51815,0.82095,4,0.840642
705000,1.9024,0.84817,5.51815,0.82095,4,0.848185
710000,1.4656,0.852518,5.51815,0.82095,4,0.852526
715000,1.232,0.855172,5.51815,0.82095,4,0.855184
720000,1.6064,0.860389,5.51815,0.82095,4,0.860399
725000,1.6464,0.86581,5.51815,0.82095,4,0.865813
730000,1.7376,0.871781,5.51815,0.82095,4,0.871782
735000,1.6336,0.876963,5.51815,0.82095,4,0.876968
740000,1.5936,0.881805,5.51815,0.82095,4,0.881812
745000,1.552,0.886303,5.51815,0.82095,4,0.886311
750000,1.584,0.890955,5.51815,0.82095,4,0.890966
755000,1.5104,0.895057,5.51815,0.82095,4,0.895064
760000,1.672,0.900168,5.51815,0.82095,4,0.900172
765000,1.76,0.905788,5.51815,0.82095,4,0.905799
770000,1.496,0.909621,5.51815,0.82095,4,0.909628
775000,1.328,0.91232,5.51815,0.82095,4,0.912332
780000,1.4416,0.915713,5.51815,0.82095,4,0.91572
785000,1.6736,0.92054,5.51815,0.82095,4,0.920553
790000,1.5136,0.924294,5.51815,0.82095,4,0.924306
795000,1.7776,0.92966,5.51815,0.82095,4,0.929668
800000,1.7408,0.93473,5.51815,0.82095,4,0.934736
805000,1.3648,0.937401,5.51815,0.82095,4,0.937403
810000,1.5424,0.941136,5.51815,0.82095,4,0.941143
815000,1.5904,0.945119,5.51815,0.82095,4,0.945125
820000,1.5232,0.948644,5.51815,0.82095,4,0.948655
825000,1.6656,0.952989,5.51815,0.82095,4,0.952995
830000,1.3872,0.955605,5.51815,0.82095,4,0.955608
835000,1.6496,0.95976,5.51815,0.82095,4,0.959764
840000,1.4496,0.962676,5.51815,0.82095,4,0.962679
845000,1.6464,0.966722,5.51815,0.82095,4,0.966733
850000,1.4016,0.96928,5.51815,0.82095,4,0.969287
855000,2.1648,0.976271,5.51815,0.82095,4,0.976277
860000,2.0368,0.982437,5.51815,0.82095,4,0.982443
865000,1.6912,0.986534,5.51815,0.82095,4,0.986544
870000,1.616,0.990152,5.51815,0.82095,4,0.990161
875000,1.5344,0.993262,5.51815,0.82095,4,0.993263
880000,1.712,0.997345,5.51815,0.82095,4,0.99735
885000,1.1712,0.998328,5.51815,0.82095,4,0.998337
890000,1.6576,1.00203,5.51815,0.82095,4,1.00204
895000,1.5456,1.00507,5.51815,0.82095,4,1.00508
900000,1.3792,1.00715,5.51815,0.82095,4,1.00716
905000,1.4992,1.00987,5.51815,0.82095,4,1.00987
910000,1.7152,1.01374,5.51815,0.82095,4,1.01374
915000,1.3696,1.01569,5.51815,0.82095,4,1.01569
920000,1.5824,1.01877,5.51815,0.82095,4,1.01877
925000,1.3824,1.02073,5.51815,0.82095,4,1.02074
930000,1.4848,1.02323,5.51815,0.82095,4,1.02323
935000,1.584,1.02622,5.51815,0.82095,4,1.02623
940000,1.5856,1.0292,5.51815,0.82095,4,1.0292
945000,1.432,1.03133,5.51815,0.82095,4,1.03133
950000,1.3232,1.03287,5.51815,0.82095,4,1.03287
955000,1.352,1.03454,5.51815,0.82095,4,1.03454
960000,1.4368,1.03663,5.51815,0.82095,4,1.03664
965000,1.5776,1.03944,5.51815,0.82095,4,1.03944
970000,1.6176,1.04242,5.51815,0.82095,4,1.04242
975000,1.6528,1.04555,5.51815,0.82095,4,1.04555
980000,1.3856,1.04728,5.51815,0.82095,4,1.04729
985000,1.3216,1.04867,5.51815,0.82095,4,1.04868
990000,1.4176,1.05054,5.51815,0.82095,4,1.05055
995000,1.2896,1.05174,5.51815,0.82095,4,1.05174
1000000,1.856,1.05576,5.51815,0.82095,4,1.05577
1005000,1.8048,1.05949,5.51815,0.82095,4,1.05949
1010000,1.7456,1.06288,5.51815,0.82095,4,1.06289
1015000,1.624,1.06565,5.51815,0.82095,4,1.06565
1020000,1.272,1.06666,5.51815,0.82095,4,1.06666
1025000,1.8048,1.07026,5.51815,0.82095,4,1.07027
1030000,1.6352,1.073,5.51815,0.82095,4,1.07301
1035000,1.6752,1.07591,5.51815,0.82095,4,1.07591
1040000,1.4688,1.0778,5.51815,0.82095,4,1.07781
1045000,1.7296,1.08092,5.51815,0.82095,4,1.08092
1050000,1.368,1.08229,5.51815,0.82095,4,1.08229
1055000,1.5792,1.08464,5.51815,0.82095,4,1.08464
1060000,1.5504,1.08684,5.51815,0.82095,4,1.08684
1065000,1.5472,1.089,5.51815,0.82095,4,1.08901
1070000,1.6608,1.09167,5.51815,0.82095,4,1.09168
1075000,1.3904,1.09306,5.51815,0.82095,4,1.09306
1080000,1.3264,1.09414,5.51815,0.82095,4,1.09415
1085000,1.736,1.0971,5.51815,0.82095,4,1.0971
1090000,1.4752,1.09883,5.51815,0.82095,4,1.09884
1095000,2.0688,1.10326,5.51815,0.82095,4,1.10327
1100000,1.6656,1.10582,5.51815,0.82095,4,1.10582
1105000,1.5632,1.10789,5.51815,0.82095,4,1.10789
1110000,1.5728,1.10998,5.51815,0.82095,4,1.10999
1115000,1.7184,1.11271,5.51815,0.82095,4,1.11272
1120000,1.712,1.11539,5.51815,0.82095,4,1.11539
1125000,1.3856,1.11659,5.51815,0.82095,4,1.11659
1130000,1.7728,1.11949,5.51815,0.82095,4,1.11949
1135000,1.6592,1.12187,5.51815,0.82095,4,1.12187
1140000,1.2832,1.12258,5.51815,0.82095,4,1.12258
1145000,1.4016,1.12379,5.51815,0.82095,4,1.1238
1150000,1.728,1.12642,5.51815,0.82095,4,1.12643
1155000,1.3552,1.12741,5.51815,0.82095,4,1.12742
1160000,1.72,1.12997,5.51815,0.82095,4,1.12997
1165000,1.6272,1.1321,5.51815,0.82095,4,1.1321
1170000,1.608,1.13413,5.51815,0.82095,4,1.13414
1175000,1.2752,1.13473,5.51815,0.82095,4,1.13474
1180000,1.3648,1.13571,5.51815,0.82095,4,1.13571
1185000,1.5824,1.13759,5.51815,0.82095,4,1.1376
1190000,1.52,1.1392,5.51815,0.82095,4,1.1392
1195000,1.4288,1.14041,5.51815,0.82095,4,1.14042
1200000,1.5104,1.14195,5.51815,0.82095,4,1.14196
1205000,1.5808,1.14377,5.51815,0.82095,4,1.14378
1210000,1.5152,1.14531,5.51815,0.82095,4,1.14531
1215000,1.656,1.14741,5.51815,0.82095,4,1.14742
1220000,1.544,1.14904,5.51815,0.82095,4,1.14904
1225000,1.592,1.15084,5.51815,0.82095,4,1.15085
1230000,1.5024,1.15227,5.51815,0.82095,4,1.15228
1235000,1.5504,1.15389,5.51815,0.82095,4,1.15389
1240000,1.616,1.15575,5.51815,0.82095,4,1.15575
1245000,1.5168,1.1572,5.51815,0.82095,4,1.1572
1250000,1.4448,1.15835,5.51815,0.82095,4,1.15835
1255000,1.5376,1.15986,5.51815,0.82095,4,1.15986
1260000,1.1584,1.15985,5.51815,0.82095,4,1.15986
1265000,1.4416,1.16097,5.51815,0.82095,4,1.16097
1270000,2.5344,1.16637,5.51815,0.82095,4,1.16638
1275000,2.7984,1.17277,5.51815,0.82095,4,1.17278
1280000,2.264,1.17704,5.51815,0.82095,4,1.17704
1285000,2.08,1.18055,5.51815,0.82095,4,1.18055
1290000,1.2912,1.18098,5.51815,0.82095,4,1.18098
1295000,1.096,1.18065,5.51815,0.82095,4,1.18066
1300000,1.0208,1.18004,5.51815,0.82095,4,1.18004
1305000,1.008,1.17938,5.51815,0.82095,4,1.17938
1310000,0.9568,1.17853,5.51815,0.82095,4,1.17853
1315000,0.9696,1.17773,5.51815,0.82095,4,1.17774
1320000,0.9088,1.17672,5.51815,0.82095,4,1.17672
1325000,0.912,1.17572,5.51815,0.82095,4,1.17572
1330000,0.9248,1.17477,5.51815,0.82095,4,1.17478
1335000,0.88,1.17367,5.51815,0.82095,4,1.17367
1340000,0.8864,1.1726,5.51815,0.82095,4,1.1726
1345000,0.8528,1.17141,5.51815,0.82095,4,1.17141
1350000,0.8176,1.1701,5.51815,0.82095,4,1.1701
1355000,0.864,1.16897,5.51815,0.82095,4,1.16897
1360000,0.8128,1.16766,5.51815,0.82095,4,1.16766
1365000,0.8352,1.16644,5.51815,0.82095,4,1.16645
1370000,0.7824,1.16504,5.51815,0.82095,4,1.16504
1375000,0.8032,1.16372,5.51815,0.82095,4,1.16373
1380000,0.8688,1.16266,5.51815,0.82095,4,1.16266
1385000,0.8224,1.16143,5.51815,0.82095,4,1.16143
1390000,0.7872,1.16008,5.51815,0.82095,4,1.16008
1395000,0.8224,1.15887,5.51815,0.82095,4,1.15888
1400000,0.7888,1.15755,5.51815,0.82095,4,1.15755
1405000,0.8176,1.15634,5.51815,0.82095,4,1.15635
1410000,0.808,1.1551,5.51815,0.82095,4,1.15511
1415000,0.7824,1.15379,5.51815,0.82095,4,1.15379
1420000,0.776,1.15246,5.51815,0.82095,4,1.15246
1425000,0.7936,1.1512,5.51815,0.82095,4,1.1512
1430000,0.7712,1.14987,5.51815,0.82095,4,1.14988
1435000,0.7792,1.14858,5.51815,0.82095,4,1.14858
1440000,0.7632,1.14724,5.51815,0.82095,4,1.14724
1445000,0.752,1.14587,5.51815,0.82095,4,1.14588
1450000,0.8288,1.14478,5.51815,0.82095,4,1.14478
1455000,0.736,1.14337,5.51815,0.82095,4,1.14338
1460000,0.7584,1.14205,5.51815,0.82095,4,1.14206
1465000,0.7584,1.14075,5.51815,0.82095,4,1.14075
1470000,0.7904,1.13955,5.51815,0.82095,4,1.13956
1475000,0.7248,1.13815,5.51815,0.82095,4,1.13815
1480000,0.7184,1.13673,5.51815,0.82095,4,1.13673
1485000,0.7632,1.13547,5.51815,0.82095,4,1.13547
1490000,0.7456,1.13416,5.51815,0.82095,4,1.13417
1495000,0.7648,1.13293,5.51815,0.82095,4,1.13293
1500000,0.728,1.13158,5.51815,0.82095,4,1.13158
1505000,0.7632,1.13035,5.51815,0.82095,4,1.13036
1510000,0.7344,1.12904,5.51815,0.82095,4,1.12905
1515000,0.7808,1.12789,5.51815,0.82095,4,1.1279
1520000,0.728,1.12658,5.51815,0.82095,4,1.12658
1525000,0.7632,1.12539,5.51815,0.82095,4,1.12539
1530000,0.7232,1.12407,5.51815,0.82095,4,1.12408
1535000,0.7696,1.12292,5.51815,0.82095,4,1.12292
1540000,0.784,1.12182,5.51815,0.82095,4,1.12182
1545000,0.7088,1.12048,5.51815,0.82095,4,1.12049
1550000,0.7424,1.11926,5.51815,0.82095,4,1.11927
1555000,0.7456,1.11806,5.51815,0.82095,4,1.11807
1560000,0.7616,1.11692,5.51815,0.82095,4,1.11692
1565000,0.736,1.1157,5.51815,0.82095,4,1.11571
1570000,0.6976,1.11437,5.51815,0.82095,4,1.11437
1575000,0.7248,1.11313,5.51815,0.82095,4,1.11314
1580000,0.7728,1.11206,5.51815,0.82095,4,1.11206
1585000,0.7808,1.11101,5.51815,0.82095,4,1.11102
1590000,0.6768,1.10965,5.51815,0.82095,4,1.10965
1595000,0.7248,1.10844,5.51815,0.82095,4,1.10844
1600000,0.7568,1.10734,5.51815,0.82095,4,1.10734
1605000,0.752,1.10623,5.51815,0.82095,4,1.10623
1610000,0.7296,1.10506,5.51815,0.82095,4,1.10507
1615000,0.7552,1.10398,5.51815,0.82095,4,1.10398
1620000,0.7232,1.1028,5.51815,0.82095,4,1.10281
1625000,0.7344,1.10167,5.51815,0.82095,4,1.10167
1630000,0.6944,1.10042,5.51815,0.82095,4,1.10043
1635000,0.7296,1.09929,5.51815,0.82095,4,1.09929
1640000,0.7888,1.09834,5.51815,0.82095,4,1.09835
1645000,0.7104,1.09716,5.51815,0.82095,4,1.09716
1650000,0.704,1.09597,5.51815,0.82095,4,1.09598
1655000,0.72,1.09484,5.51815,0.82095,4,1.09484
1660000,0.6912,1.09362,5.51815,0.82095,4,1.09362
1665000,0.736,1.09255,5.51815,0.82095,4,1.09255
1670000,0.7344,1.09147,5.51815,0.82095,4,1.09148
1675000,0.7232,1.09037,5.51815,0.82095,4,1.09038
1680000,0.7184,1.08927,5.51815,0.82095,4,1.08927
1685000,0.696,1.0881,5.51815,0.82095,4,1.0881
1690000,0.7248,1.08702,5.51815,0.82095,4,1.08703
1695000,0.7664,1.08608,5.51815,0.82095,4,1.08608
1700000,0.7168,1.08499,5.51815,0.82095,4,1.08499
1705000,0.7248,1.08394,5.51815,0.82095,4,1.08394
1710000,0.6832,1.08276,5.51815,0.82095,4,1.08277
1715000,0.7296,1.08174,5.51815,0.82095,4,1.08174
1720000,0.7264,1.0807,5.51815,0.82095,4,1.0807
1725000,0.7104,1.07963,5.51815,0.82095,4,1.07963
1730000,0.736,1.07864,5.51815,0.82095,4,1.07864
1735000,0.7376,1.07765,5.51815,0.82095,4,1.07766
1740000,0.7312,1.07666,5.51815,0.82095,4,1.07666
1745000,0.6912,1.07555,5.51815,0.82095,4,1.07556
1750000,0.7264,1.07456,5.51815,0.82095,4,1.07456
1755000,0.7616,1.07366,5.51815,0.82095,4,1.07367
1760000,0.6976,1.0726,5.51815,0.82095,4,1.0726
1765000,0.6832,1.07149,5.51815,0.82095,4,1.0715
1770000,0.7024,1.07045,5.51815,0.82095,4,1.07046
1775000,0.6896,1.06938,5.51815,0.82095,4,1.06938
1780000,0.7264,1.06841,5.51815,0.82095,4,1.06842
1785000,0.7024,1.06739,5.51815,0.82095,4,1.06739
1790000,0.6544,1.06623,5.51815,0.82095,4,1.06624
1795000,0.7264,1.06529,5.51815,0.82095,4,1.06529
1800000,0.7152,1.06432,5.51815,0.82095,4,1.06432
1805000,0.7088,1.06333,5.51815,0.82095,4,1.06333
1810000,0.7168,1.06237,5.51815,0.82095,4,1.06238
1815000,0.6624,1.06127,5.51815,0.82095,4,1.06127
1820000,0.7008,1.06028,5.51815,0.82095,4,1.06028
1825000,0.7296,1.05938,5.51815,0.82095,4,1.05938
1830000,0.6768,1.05833,5.51815,0.82095,4,1.05834
1835000,0.6816,1.0573,5.51815,0.82095,4,1.05731
1840000,0.6832,1.05629,5.51815,0.82095,4,1.05629
1845000,0.704,1.05533,5.51815,0.82095,4,1.05533
1850000,0.7376,1.05447,5.51815,0.82095,4,1.05448
1855000,0.68,1.05346,5.51815,0.82095,4,1.05347
1860000,0.7184,1.05256,5.51815,0.82095,4,1.05257
1865000,0.7136,1.05165,5.51815,0.82095,4,1.05166
1870000,0.696,1.0507,5.51815,0.82095,4,1.05071
1875000,0.6752,1.0497,5.51815,0.82095,4,1.04971
1880000,0.7184,1.04882,5.51815,0.82095,4,1.04882
1885000,0.7296,1.04797,5.51815,0.82095,4,1.04798
1890000,0.6944,1.04704,5.51815,0.82095,4,1.04704
1895000,0.704,1.04613,5.51815,0.82095,4,1.04614
1900000,0.7136,1.04526,5.51815,0.82095,4,1.04526
1905000,0.6832,1.04431,5.51815,0.82095,4,1.04431
1910000,0.7056,1.04342,5.51815,0.82095,4,1.04343
1915000,0.7264,1.04259,5.51815,0.82095,4,1.0426
1920000,0.6976,1.0417,5.51815,0.82095,4,1.0417
1925000,0.6784,1.04075,5.51815,0.82095,4,1.04076
1930000,0.6752,1.03981,5.51815,0.82095,4,1.03981
1935000,0.688,1.0389,5.51815,0.82095,4,1.0389
1940000,0.7168,1.03807,5.51815,0.82095,4,1.03807
1945000,0.696,1.03719,5.51815,0.82095,4,1.03719
1950000,0.7952,1.03657,5.51815,0.82095,4,1.03657
1955000,1.3152,1.03728,5.51815,0.82095,4,1.03728
1960000,0.7552,1.03656,5.51815,0.82095,4,1.03656
1965000,0.7328,1.03579,5.51815,0.82095,4,1.03579
1970000,0.7008,1.03494,5.51815,0.82095,4,1.03494
1975000,0.728,1.03416,5.51815,0.82095,4,1.03416
1980000,0.7104,1.03334,5.51815,0.82095,4,1.03334
1985000,0.7248,1.03256,5.51815,0.82095,4,1.03257
1990000,0.6816,1.03168,5.51815,0.82095,4,1.03169
1995000,0.728,1.03092,5.51815,0.82095,4,1.03092
2000000,0.6944,1.03008,5.51815,0.82095,4,1.03008
2005000,0.6928,1.02924,5.51815,0.82095,4,1.02924
2010000,0.6864,1.02839,5.51815,0.82095,4,1.02839
2015000,0.6896,1.02755,5.51815,0.82095,4,1.02755
2020000,0.656,1.02663,5.51815,0.82095,4,1.02663
2025000,0.68,1.02577,5.51815,0.82095,4,1.02577
2030000,0.6928,1.02495,5.51815,0.82095,4,1.02495
2035000,0.6496,1.02403,5.51815,0.82095,4,1.02403
2040000,0.6704,1.02316,5.51815,0.82095,4,1.02316
2045000,0.6976,1.02236,5.51815,0.82095,4,1.02237
2050000,0.664,1.02149,5.51815,0.82095,4,1.02149
2055000,0.6784,1.02066,5.51815,0.82095,4,1.02066
2060000,0.6896,1.01985,5.51815,0.82095,4,1.01985
2065000,0.672,1.01901,5.51815,0.82095,4,1.01901
2070000,0.6928,1.01822,5.51815,0.82095,4,1.01822
2075000,0.6528,1.01734,5.51815,0.82095,4,1.01734
2080000,0.6688,1.0165,5.51815,0.82095,4,1.0165
2085000,0.6848,1.01571,5.51815,0.82095,4,1.01571
2090000,0.6608,1.01486,5.51815,0.82095,4,1.01486
2095000,0.6656,1.01403,5.51815,0.82095,4,1.01403
2100000,0.6576,1.01318,5.51815,0.82095,4,1.01318
2105000,0.6752,1.01237,5.51815,0.82095,4,1.01238
2110000,0.696,1.01162,5.51815,0.82095,4,1.01163
2115000,0.6144,1.01069,5.51815,0.82095,4,1.01069
2120000,0.6608,1.00986,5.51815,0.82095,4,1.00986
2125000,0.6784,1.00908,5.51815,0.82095,4,1.00908
2130000,0.656,1.00825,5.51815,0.82095,4,1.00825
2135000,0.6304,1.00737,5.51815,0.82095,4,1.00737
2140000,0.6496,1.00653,5.51815,0.82095,4,1.00653
2145000,0.6544,1.00571,5.51815,0.82095,4,1.00571
2150000,0.6736,1.00494,5.51815,0.82095,4,1.00494
2155000,0.6496,1.00411,5.51815,0.82095,4,1.00412
2160000,0.648,1.00329,5.51815,0.82095,4,1.00329
2165000,0.6656,1.00251,5.51815,0.82095,4,1.00251
2170000,0.6688,1.00174,5.51815,0.82095,4,1.00174
2175000,0.6416,1.00091,5.51815,0.82095,4,1.00092
2180000,0.6528,1.00011,5.51815,0.82095,4,1.00012
2185000,0.6736,0.999367,5.51815,0.82095,4,0.999367
2190000,0.6768,0.99863,5.51815,0.82095,4,0.998633
2195000,0.6224,0.997773,5.51815,0.82095,4,0.997774
2200000,0.6368,0.996953,5.51815,0.82095,4,0.996953
2205000,0.656,0.99618,5.51815,0.82095,4,0.996183
2210000,0.6512,0.995399,5.51815,0.82095,4,0.995403
2215000,0.6464,0.994611,5.51815,0.82095,4,0.994612
2220000,0.6304,0.993791,5.51815,0.82095,4,0.993794
2225000,0.6672,0.993057,5.51815,0.82095,4,0.993061
2230000,0.6864,0.99237,5.51815,0.82095,4,0.992373
2235000,0.6176,0.991531,5.51815,0.82095,4,0.991535
2240000,0.6272,0.990718,5.51815,0.82095,4,0.990721
2245000,0.6656,0.989994,5.51815,0.82095,4,0.989997
2250000,0.6608,0.989262,5.51815,0.82095,4,0.989266
2255000,0.656,0.988523,5.51815,0.82095,4,0.988524
2260000,0.6608,0.987798,5.51815,0.82095,4,0.987803
2265000,0.656,0.987066,5.51815,0.82095,4,0.98707
2270000,0.6464,0.986315,5.51815,0.82095,4,0.986319
2275000,0.6096,0.985487,5.51815,0.82095,4,0.985489
2280000,0.6704,0.984796,5.51815,0.82095,4,0.984799
2285000,0.6704,0.984109,5.51815,0.82095,4,0.984111
2290000,0.6336,0.983343,5.51815,0.82095,4,0.983344
2295000,0.6272,0.982567,5.51815,0.82095,4,0.982571
2300000,0.6016,0.981739,5.51815,0.82095,4,0.981741
2305000,0.6528,0.981026,5.51815,0.82095,4,0.981027
2310000,0.6688,0.98035,5.51815,0.82095,4,0.98035
2315000,0.648,0.979632,5.51815,0.82095,4,0.979634
2320000,0.6304,0.978879,5.51815,0.82095,4,0.978883
2325000,0.6256,0.97812,5.51815,0.82095,4,0.978123
2330000,0.6624,0.977442,5.51815,0.82095,4,0.977445
2335000,0.6656,0.976774,5.51815,0.82095,4,0.976776
2340000,0.6272,0.976027,5.51815,0.82095,4,0.97603
2345000,0.6336,0.975297,5.51815,0.82095,4,0.975298
2350000,0.64,0.974584,5.51815,0.82095,4,0.974587
2355000,0.6704,0.973938,5.51815,0.82095,4,0.973943
2360000,0.6272,0.973203,5.51815,0.82095,4,0.973207
2365000,0.656,0.972533,5.51815,0.82095,4,0.972533
2370000,0.656,0.971865,5.51815,0.82095,4,0.971866
2375000,0.64,0.971166,5.51815,0.82095,4,0.971169
2380000,0.608,0.970403,5.51815,0.82095,4,0.970407
2385000,0.6816,0.969798,5.51815,0.82095,4,0.9698
2390000,0.6496,0.969128,5.51815,0.82095,4,0.969131
2395000,0.6096,0.968377,5.51815,0.82095,4,0.968378
2400000,0.6368,0.967687,5.51815,0.82095,4,0.967688
2405000,0.616,0.966956,5.51815,0.82095,4,0.966957
2410000,0.6576,0.966314,5.51815,0.82095,4,0.966315
2415000,0.6384,0.965635,5.51815,0.82095,4,0.965637
2420000,0.6,0.964879,5.51815,0.82095,4,0.96488
2425000,0.6432,0.964216,5.51815,0.82095,4,0.96422
2430000,0.6448,0.963559,5.51815,0.82095,4,0.963562
2435000,0.6336,0.962881,5.51815,0.82095,4,0.962884
2440000,0.6336,0.962207,5.51815,0.82095,4,0.962207
2445000,0.6144,0.961495,5.51815,0.82095,4,0.961498
2450000,0.6704,0.960901,5.51815,0.82095,4,0.960908
2455000,0.6336,0.960235,5.51815,0.82095,4,0.960237
2460000,0.6176,0.959538,5.51815,0.82095,4,0.959544
2465000,0.6,0.958809,5.51815,0.82095,4,0.958811
2470000,0.6448,0.958173,5.51815,0.82095,4,0.958176
2475000,0.6656,0.957582,5.51815,0.82095,4,0.957585
2480000,0.6048,0.956871,5.51815,0.82095,4,0.956873
2485000,0.6448,0.956243,5.51815,0.82095,4,0.956245
2490000,0.656,0.95564,5.51815,0.82095,4,0.955642
2495000,0.6176,0.954963,5.51815,0.82095,4,0.954963
2500000,0.6384,0.95433,5.51815,0.82095,4,0.954331
2505000,0.6256,0.953673,5.51815,0.82095,4,0.953676
2510000,0.6144,0.952998,5.51815,0.82095,4,0.953001
2515000,0.6576,0.95241,5.51815,0.82095,4,0.952412
2520000,0.6432,0.951797,5.51815,0.82095,4,0.951798
2525000,0.6288,0.951157,5.51815,0.82095,4,0.951161
2530000,0.6432,0.950549,5.51815,0.82095,4,0.950552
2535000,0.6432,0.949942,5.51815,0.82095,4,0.949944
2540000,0.6176,0.949288,5.51815,0.82095,4,0.949289
2545000,0.5952,0.948593,5.51815,0.82095,4,0.948595
2550000,0.6272,0.947962,5.51815,0.82095,4,0.947965
2555000,0.6448,0.947369,5.51815,0.82095,4,0.947372
2560000,0.6304,0.94675,5.51815,0.82095,4,0.946751
2565000,0.6032,0.94608,5.51815,0.82095,4,0.946082
2570000,2.2368,0.948591,5.51815,0.82095,4,0.948594
2575000,1.6576,0.949968,5.51815,0.82095,4,0.94997
2580000,1.1728,0.9504,5.51815,0.82095,4,0.9504
2585000,1.296,0.951068,5.51815,0.82095,4,0.951069
2590000,0.9632,0.951092,5.51815,0.82095,4,0.951093
2595000,1.0592,0.9513,5.51815,0.82095,4,0.951301
2600000,0.8624,0.951129,5.51815,0.82095,4,0.951132
2605000,0.9392,0.951106,5.51815,0.82095,4,0.95111
2610000,0.9104,0.951028,5.51815,0.82095,4,0.951031
2615000,0.7152,0.950577,5.51815,0.82095,4,0.950581
2620000,0.9216,0.950522,5.51815,0.82095,4,0.950525
2625000,0.7968,0.950229,5.51815,0.82095,4,0.95023
2630000,0.8112,0.949965,5.51815,0.82095,4,0.949968
2635000,0.8032,0.949687,5.51815,0.82095,4,0.94969
2640000,0.832,0.949464,5.51815,0.82095,4,0.949464
2645000,0.8464,0.949269,5.51815,0.82095,4,0.949271
2650000,0.72,0.948836,5.51815,0.82095,4,0.948838
2655000,0.768,0.948496,5.51815,0.82095,4,0.948496
2660000,0.6928,0.948015,5.51815,0.82095,4,0.948018
2665000,0.7856,0.94771,5.51815,0.82095,4,0.947713
2670000,0.7408,0.947323,5.51815,0.82095,4,0.947326
2675000,0.76,0.946973,5.51815,0.82095,4,0.946976
2680000,0.696,0.946504,5.51815,0.82095,4,0.946507
2685000,0.6592,0.945969,5.51815,0.82095,4,0.945973
2690000,0.7168,0.945543,5.51815,0.82095,4,0.945545
2695000,0.6816,0.945054,5.51815,0.82095,4,0.945056
2700000,0.6768,0.944557,5.51815,0.82095,4,0.944559
2705000,0.7152,0.944133,5.51815,0.82095,4,0.944134
2710000,0.6704,0.943628,5.51815,0.82095,4,0.94363
2715000,0.6832,0.943148,5.51815,0.82095,4,0.943151
2720000,0.6432,0.942597,5.51815,0.82095,4,0.9426
2725000,0.7456,0.942236,5.51815,0.82095,4,0.942236
2730000,0.6336,0.94167,5.51815,0.82095,4,0.941671
2735000,0.7136,0.941253,5.51815,0.82095,4,0.941254
2740000,0.6656,0.94075,5.51815,0.82095,4,0.940751
2745000,0.6816,0.940278,5.51815,0.82095,4,0.94028
2750000,0.6672,0.939782,5.51815,0.82095,4,0.939784
2755000,0.664,0.939281,5.51815,0.82095,4,0.939282
2760000,0.6336,0.938728,5.51815,0.82095,4,0.93873
2765000,0.6128,0.938138,5.51815,0.82095,4,0.938142
2770000,0.6688,0.937652,5.51815,0.82095,4,0.937653
2775000,0.6384,0.937113,5.51815,0.82095,4,0.937115
2780000,0.6256,0.936553,5.51815,0.82095,4,0.936556
2785000,0.664,0.936063,5.51815,0.82095,4,0.936064
2790000,0.704,0.935647,5.51815,0.82095,4,0.935649
2795000,0.712,0.935247,5.51815,0.82095,4,0.93525
2800000,0.6656,0.934766,5.51815,0.82095,4,0.934766
2805000,0.7152,0.934374,5.51815,0.82095,4,0.934375
2810000,0.6784,0.933919,5.51815,0.82095,4,0.93392
2815000,0.6656,0.933442,5.51815,0.82095,4,0.933443
2820000,0.6608,0.932959,5.51815,0.82095,4,0.932961
2825000,0.6752,0.932503,5.51815,0.82095,4,0.932505
2830000,0.6144,0.931941,5.51815,0.82095,4,0.931942
2835000,0.648,0.93144,5.51815,0.82095,4,0.931442
2840000,0.6768,0.930992,5.51815,0.82095,4,0.930994
2845000,0.576,0.930368,5.51815,0.82095,4,0.93037
2850000,0.6416,0.929861,5.51815,0.82095,4,0.929864
2855000,0.7552,0.929555,5.51815,0.82095,4,0.929557
2860000,0.608,0.928993,5.51815,0.82095,4,0.928995
2865000,0.696,0.928586,5.51815,0.82095,4,0.928587
2870000,0.6752,0.928145,5.51815,0.82095,4,0.928146
2875000,0.6256,0.927619,5.51815,0.82095,4,0.927619
2880000,0.7136,0.927247,5.51815,0.82095,4,0.92725
2885000,0.6784,0.926816,5.51815,0.82095,4,0.926817
2890000,0.6672,0.926367,5.51815,0.82095,4,0.926369
2895000,0.648,0.925886,5.51815,0.82095,4,0.925888
2900000,0.5632,0.925261,5.51815,0.82095,4,0.925263
2905000,0.5712,0.924651,5.51815,0.82095,4,0.924654
2910000,0.6096,0.92411,5.51815,0.82095,4,0.924112
2915000,0.68,0.923691,5.51815,0.82095,4,0.923694
2920000,0.7408,0.923378,5.51815,0.82095,4,0.92338
2925000,0.5792,0.92279,5.51815,0.82095,4,0.922792
2930000,0.56,0.922171,5.51815,0.82095,4,0.922172
2935000,0.5616,0.921556,5.51815,0.82095,4,0.921557
2940000,0.6608,0.921113,5.51815,0.82095,4,0.921114
2945000,0.6464,0.920647,5.51815,0.82095,4,0.920648
2950000,0.6128,0.920125,5.51815,0.82095,4,0.920127
2955000,0.632,0.919637,5.51815,0.82095,4,0.91964
2960000,0.6656,0.919208,5.51815,0.82095,4,0.919211
2965000,0.6496,0.918753,5.51815,0.82095,4,0.918756
2970000,0.6112,0.918236,5.51815,0.82095,4,0.918238
2975000,0.6192,0.917733,5.51815,0.82095,4,0.917736
2980000,0.6304,0.917251,5.51815,0.82095,4,0.917254
2985000,0.648,0.9168,5.51815,0.82095,4,0.916803
2990000,0.6432,0.916342,5.51815,0.82095,4,0.916343
2995000,0.632,0.915868,5.51815,0.82095,4,0.915873
3000000,0.6352,0.9154,5.51815,0.82095,4,0.915402
3005000,0.6288,0.914923,5.51815,0.82095,4,0.914926
3010000,0.6608,0.914501,5.51815,0.82095,4,0.914504
3015000,0.616,0.914006,5.51815,0.82095,4,0.914008
3020000,0.6112,0.913505,5.51815,0.82095,4,0.913508
3025000,0.6416,0.913055,5.51815,0.82095,4,0.913056
3030000,0.5968,0.912533,5.51815,0.82095,4,0.912534
3035000,0.5856,0.911995,5.51815,0.82095,4,0.911997
3040000,0.6752,0.911605,5.51815,0.82095,4,0.911609
3045000,0.6432,0.911165,5.51815,0.82095,4,0.911166
3050000,0.5888,0.910636,5.51815,0.82095,4,0.910637
3055000,0.6368,0.910188,5.51815,0.82095,4,0.91019
3060000,0.6464,0.909757,5.51815,0.82095,4,0.909759
3065000,0.6256,0.909293,5.51815,0.82095,4,0.909295
3070000,0.608,0.908803,5.51815,0.82095,4,0.908805
3075000,0.5968,0.908295,5.51815,0.82095,4,0.908297
3080000,0.624,0.907834,5.51815,0.82095,4,0.907835
3085000,0.6,0.907335,5.51815,0.82095,4,0.907335
3090000,0.6112,0.906856,5.51815,0.82095,4,0.906858
3095000,0.5824,0.906332,5.51815,0.82095,4,0.906333
3100000,0.6016,0.90584,5.51815,0.82095,4,0.905842
3105000,0.5808,0.905317,5.51815,0.82095,4,0.905318
3110000,0.6512,0.904908,5.51815,0.82095,4,0.904908
3115000,0.624,0.904457,5.51815,0.82095,4,0.904461
3120000,0.6288,0.904015,5.51815,0.82095,4,0.904017
3125000,0.6272,0.903572,5.51815,0.82095,4,0.903573
3130000,0.5904,0.903072,5.51815,0.82095,4,0.903074
3135000,0.584,0.902563,5.51815,0.82095,4,0.902565
3140000,0.6,0.902082,5.51815,0.82095,4,0.902083
3145000,0.5888,0.901583,5.51815,0.82095,4,0.901585
3150000,0.5808,0.901074,5.51815,0.82095,4,0.901078
3155000,0.6288,0.900643,5.51815,0.82095,4,0.900645
3160000,0.6608,0.900263,5.51815,0.82095,4,0.900266
3165000,0.5904,0.899774,5.51815,0.82095,4,0.899776
3170000,0.6288,0.899346,5.51815,0.82095,4,0.899347
3175000,0.584,0.89885,5.51815,0.82095,4,0.898851
3180000,0.5344,0.898277,5.51815,0.82095,4,0.898278
3185000,0.5232,0.897688,5.51815,0.82095,4,0.897688
3190000,0.5328,0.897116,5.51815,0.82095,4,0.897119
3195000,0.5408,0.896558,5.51815,0.82095,4,0.896562
3200000,0.5552,0.896025,5.51815,0.82095,4,0.896027
3205000,0.5536,0.895491,5.51815,0.82095,4,0.895492
3210000,0.6288,0.895075,5.51815,0.82095,4,0.895077
3215000,0.5584,0.894552,5.51815,0.82095,4,0.894554
3220000,0.5712,0.89405,5.51815,0.82095,4,0.894051
3225000,0.6496,0.893671,5.51815,0.82095,4,0.893672
3230000,0.5808,0.893186,5.51815,0.82095,4,0.893187
3235000,0.7552,0.892973,5.51815,0.82095,4,0.892974
3240000,0.6816,0.892647,5.51815,0.82095,4,0.892649
3245000,0.6048,0.892203,5.51815,0.82095,4,0.892204
3250000,0.8768,0.89218,5.51815,0.82095,4,0.892182
3255000,1.1536,0.892581,5.51815,0.82095,4,0.892585
3260000,1.0096,0.892761,5.51815,0.82095,4,0.892764
3265000,1.0192,0.892954,5.51815,0.82095,4,0.892957
3270000,0.9296,0.89301,5.51815,0.82095,4,0.893013
3275000,0.9616,0.893115,5.51815,0.82095,4,0.893117
3280000,0.88,0.893095,5.51815,0.82095,4,0.893097
3285000,0.9216,0.893139,5.51815,0.82095,4,0.893142
3290000,0.9024,0.893153,5.51815,0.82095,4,0.893153
3295000,0.88,0.893133,5.51815,0.82095,4,0.893133
3300000,0.8368,0.893047,5.51815,0.82095,4,0.893048
3305000,0.8592,0.892996,5.51815,0.82095,4,0.892996
3310000,0.912,0.893025,5.51815,0.82095,4,0.893025
3315000,0.872,0.892993,5.51815,0.82095,4,0.892994
3320000,0.8288,0.892896,5.51815,0.82095,4,0.892899
3325000,0.832,0.892805,5.51815,0.82095,4,0.892808
3330000,0.7696,0.89262,5.51815,0.82095,4,0.89262
3335000,0.7168,0.892356,5.51815,0.82095,4,0.892357
3340000,0.7904,0.892204,5.51815,0.82095,4,0.892206
3345000,0.7088,0.891929,5.51815,0.82095,4,0.891932
3350000,0.5856,0.891472,5.51815,0.82095,4,0.891473
3355000,0.728,0.891229,5.51815,0.82095,4,0.891229
3360000,0.6496,0.890869,5.51815,0.82095,4,0.890871
3365000,0.7312,0.890632,5.51815,0.82095,4,0.890633
3370000,0.5552,0.890134,5.51815,0.82095,4,0.890136
3375000,0.5616,0.889647,5.51815,0.82095,4,0.88965
3380000,0.6176,0.889245,5.51815,0.82095,4,0.889246
3385000,0.6016,0.88882,5.51815,0.82095,4,0.888822
3390000,0.5792,0.888363,5.51815,0.82095,4,0.888364
3395000,0.6144,0.88796,5.51815,0.82095,4,0.887961
3400000,0.6384,0.887593,5.51815,0.82095,4,0.887595
3405000,0.6144,0.887192,5.51815,0.82095,4,0.887194
3410000,0.5872,0.886752,5.51815,0.82095,4,0.886755
3415000,0.712,0.886496,5.51815,0.82095,4,0.886499
3420000,0.6944,0.886215,5.51815,0.82095,4,0.886217
3425000,0.64,0.885856,5.51815,0.82095,4,0.885858
3430000,0.688,0.885567,5.51815,0.82095,4,0.88557
3435000,0.6784,0.885266,5.51815,0.82095,4,0.885266
3440000,0.5968,0.884847,5.51815,0.82095,4,0.884849
3445000,0.5984,0.884431,5.51815,0.82095,4,0.884432
3450000,0.6064,0.884028,5.51815,0.82095,4,0.88403
3455000,0.5984,0.883614,5.51815,0.82095,4,0.883616
3460000,0.5456,0.883126,5.51815,0.82095,4,0.883127
3465000,0.5408,0.882632,5.51815,0.82095,4,0.882635
3470000,0.5792,0.882195,5.51815,0.82095,4,0.882197
3475000,0.5664,0.88174,5.51815,0.82095,4,0.881742
3480000,0.5744,0.881299,5.51815,0.82095,4,0.881299
3485000,0.5664,0.880847,5.51815,0.82095,4,0.880849
3490000,0.5632,0.880392,5.51815,0.82095,4,0.880394
3495000,0.6128,0.880009,5.51815,0.82095,4,0.880011
3500000,0.6112,0.879625,5.51815,0.82095,4,0.879627
3505000,0.6064,0.879235,5.51815,0.82095,4,0.879237
3510000,0.5584,0.878778,5.51815,0.82095,4,0.878779
3515000,0.6256,0.878418,5.51815,0.82095,4,0.87842
3520000,0.5952,0.878016,5.51815,0.82095,4,0.878018
3525000,0.5328,0.877526,5.51815,0.82095,4,0.877529
3530000,0.5984,0.877131,5.51815,0.82095,4,0.877133
3535000,0.592,0.876728,5.51815,0.82095,4,0.87673
3540000,0.5856,0.876316,5.51815,0.82095,4,0.876318
3545000,0.6048,0.875933,5.51815,0.82095,4,0.875935
3550000,0.6112,0.875561,5.51815,0.82095,4,0.875562
3555000,0.5776,0.875141,5.51815,0.82095,4,0.875144
3560000,0.592,0.874744,5.51815,0.82095,4,0.874747
3565000,0.5824,0.874334,5.51815,0.82095,4,0.874334
3570000,0.6016,0.873952,5.51815,0.82095,4,0.873953
3575000,0.592,0.873557,5.51815,0.82095,4,0.873559
3580000,0.5904,0.873162,5.51815,0.82095,4,0.873162
3585000,0.6448,0.872844,5.51815,0.82095,4,0.872846
3590000,0.6112,0.872479,5.51815,0.82095,4,0.872481
3595000,0.5616,0.872047,5.51815,0.82095,4,0.87205
3600000,0.6,0.871669,5.51815,0.82095,4,0.871669
3605000,0.5952,0.871285,5.51815,0.82095,4,0.871287
3610000,0.552,0.870843,5.51815,0.82095,4,0.870845
3615000,0.608,0.87048,5.51815,0.82095,4,0.870482
3620000,0.608,0.870117,5.51815,0.82095,4,0.870119
3625000,0.584,0.869722,5.51815,0.82095,4,0.869724
3630000,0.6432,0.86941,5.51815,0.82095,4,0.869412
3635000,0.5648,0.868991,5.51815,0.82095,4,0.868992
3640000,0.5952,0.868615,5.51815,0.82095,4,0.868617
3645000,0.6032,0.868251,5.51815,0.82095,4,0.868253
3650000,0.656,0.867961,5.51815,0.82095,4,0.867962
3655000,0.6048,0.867601,5.51815,0.82095,4,0.867602
3660000,0.656,0.867311,5.51815,0.82095,4,0.867313
3665000,0.5904,0.866934,5.51815,0.82095,4,0.866935
3670000,0.5664,0.866524,5.51815,0.82095,4,0.866526
3675000,0.5376,0.866077,5.51815,0.82095,4,0.866077
3680000,0.5712,0.865676,5.51815,0.82095,4,0.865679
3685000,0.5184,0.865205,5.51815,0.82095,4,0.865206
3690000,0.5776,0.864815,5.51815,0.82095,4,0.864816
3695000,0.5488,0.864388,5.51815,0.82095,4,0.864388
3700000,0.5104,0.863909,5.51815,0.82095,4,0.86391
3705000,0.5488,0.863484,5.51815,0.82095,4,0.863485
3710000,0.5616,0.863077,5.51815,0.82095,4,0.863079
3715000,0.6128,0.86274,5.51815,0.82095,4,0.862741
3720000,0.6448,0.862447,5.51815,0.82095,4,0.862449
3725000,0.6336,0.86214,5.51815,0.82095,4,0.862143
3730000,0.5472,0.861718,5.51815,0.82095,4,0.86172
3735000,0.608,0.861378,5.51815,0.82095,4,0.861379
3740000,0.584,0.861007,5.51815,0.82095,4,0.86101
3745000,0.5408,0.86058,5.51815,0.82095,4,0.860582
3750000,0.5616,0.860181,5.51815,0.82095,4,0.860182
3755000,0.6016,0.859837,5.51815,0.82095,4,0.859838
3760000,0.5872,0.859474,5.51815,0.82095,4,0.859477
3765000,0.6272,0.859166,5.51815,0.82095,4,0.859167
3770000,0.6416,0.858877,5.51815,0.82095,4,0.858878
3775000,0.5792,0.858507,5.51815,0.82095,4,0.858508
3780000,0.56,0.858112,5.51815,0.82095,4,0.858113
3785000,0.704,0.857909,5.51815,0.82095,4,0.85791
3790000,0.7872,0.857815,5.51815,0.82095,4,0.857816
3795000,0.7936,0.857731,5.51815,0.82095,4,0.857732
3800000,0.8016,0.857657,5.51815,0.82095,4,0.857658
3805000,0.8096,0.857594,5.51815,0.82095,4,0.857596
3810000,0.8016,0.85752,5.51815,0.82095,4,0.857521
3815000,0.664,0.857267,5.51815,0.82095,4,0.857267
3820000,0.6272,0.856965,5.51815,0.82095,4,0.856967
3825000,0.64,0.856682,5.51815,0.82095,4,0.856683
3830000,0.616,0.856368,5.51815,0.82095,4,0.856368
3835000,0.6352,0.856079,5.51815,0.82095,4,0.856082
3840000,0.6528,0.855815,5.51815,0.82095,4,0.855816
3845000,0.64,0.855534,5.51815,0.82095,4,0.855535
3850000,0.6368,0.85525,5.51815,0.82095,4,0.855251
3855000,0.6992,0.855047,5.51815,0.82095,4,0.85505
3860000,0.6608,0.854796,5.51815,0.82095,4,0.854798
3865000,0.6768,0.854566,5.51815,0.82095,4,0.854567
3870000,0.6048,0.854243,5.51815,0.82095,4,0.854244
3875000,0.5472,0.853847,5.51815,0.82095,4,0.853849
3880000,0.568,0.853478,5.51815,0.82095,4,0.85348
3885000,0.6048,0.853158,5.51815,0.82095,4,0.853159
3890000,0.568,0.852792,5.51815,0.82095,4,0.852793
3895000,0.5392,0.852389,5.51815,0.82095,4,0.852391
3900000,0.504,0.851943,5.51815,0.82095,4,0.851945
3905000,0.576,0.851589,5.51815,0.82095,4,0.85159
3910000,0.5808,0.851243,5.51815,0.82095,4,0.851244
3915000,0.6752,0.851018,5.51815,0.82095,4,0.851019
3920000,0.5888,0.850684,5.51815,0.82095,4,0.850685
3925000,0.6176,0.850387,5.51815,0.82095,4,0.850387
3930000,0.6352,0.850113,5.51815,0.82095,4,0.850114
3935000,0.6144,0.849813,5.51815,0.82095,4,0.849816
3940000,0.6224,0.849525,5.51815,0.82095,4,0.849526
3945000,0.6336,0.849251,5.51815,0.82095,4,0.849253
3950000,0.6048,0.848942,5.51815,0.82095,4,0.848943
3955000,0.5296,0.848538,5.51815,0.82095,4,0.848539
3960000,0.5776,0.848196,5.51815,0.82095,4,0.848198
3965000,0.6,0.847883,5.51815,0.82095,4,0.847884
3970000,0.5776,0.847543,5.51815,0.82095,4,0.847543
3975000,0.5504,0.847169,5.51815,0.82095,4,0.84717
3980000,0.576,0.846828,5.51815,0.82095,4,0.846829
3985000,0.5712,0.846482,5.51815,0.82095,4,0.846483
3990000,0.6448,0.84623,5.51815,0.82095,4,0.84623
3995000,0.5872,0.845905,5.51815,0.82095,4,0.845907
4000000,0.5792,0.845572,5.51815,0.82095,4,0.845573
4005000,0.5456,0.845198,5.51815,0.82095,4,0.8452
4010000,0.7328,0.845057,5.51815,0.82095,4,0.845058
4015000,0.6,0.844752,5.51815,0.82095,4,0.844753
4020000,0.8176,0.844718,5.51815,0.82095,4,0.84472
4025000,0.8912,0.844776,5.51815,0.82095,4,0.844777
4030000,0.8,0.844721,5.51815,0.82095,4,0.844721
4035000,0.7696,0.844628,5.51815,0.82095,4,0.844628
4040000,0.7856,0.844554,5.51815,0.82095,4,0.844556
4045000,0.7696,0.844462,5.51815,0.82095,4,0.844462
4050000,0.8256,0.844439,5.51815,0.82095,4,0.84444
4055000,0.7744,0.844352,5.51815,0.82095,4,0.844353
4060000,0.776,0.844268,5.51815,0.82095,4,0.844268
4065000,0.7712,0.844178,5.51815,0.82095,4,0.844179
4070000,5.8144,0.850284,5.51815,0.82095,4,0.850286
4075000,3.7376,0.853827,5.51815,0.82095,4,0.853827
4080000,1.712,0.854878,5.51815,0.82095,4,0.85488
4085000,1.4512,0.855608,5.51815,0.82095,4,0.85561
4090000,1.4384,0.856321,5.51815,0.82095,4,0.856321
4095000,1.5088,0.857117,5.51815,0.82095,4,0.857119
4100000,1.3936,0.857772,5.51815,0.82095,4,0.857773
4105000,1.368,0.858393,5.51815,0.82095,4,0.858395
4110000,1.3536,0.858996,5.51815,0.82095,4,0.858997
4115000,1.3696,0.859616,5.51815,0.82095,4,0.859617
4120000,1.3808,0.860249,5.51815,0.82095,4,0.860249
4125000,1.296,0.860777,5.51815,0.82095,4,0.860778
4130000,1.3696,0.861393,5.51815,0.82095,4,0.861395
4135000,1.2832,0.861903,5.51815,0.82095,4,0.861904
4140000,1.3408,0.862481,5.51815,0.82095,4,0.862482
4145000,1.3856,0.863112,5.51815,0.82095,4,0.863114
4150000,1.2352,0.86356,5.51815,0.82095,4,0.863562
4155000,1.3408,0.864135,5.51815,0.82095,4,0.864137
4160000,1.2576,0.864608,5.51815,0.82095,4,0.86461
4165000,1.2592,0.865081,5.51815,0.82095,4,0.865082
4170000,1.3104,0.865615,5.51815,0.82095,4,0.865616
4175000,1.2576,0.866085,5.51815,0.82095,4,0.866086
4180000,1.2992,0.866603,5.51815,0.82095,4,0.866604
4185000,1.2832,0.867101,5.51815,0.82095,4,0.867102
4190000,1.3328,0.867656,5.51815,0.82095,4,0.867659
4195000,1.2608,0.868125,5.51815,0.82095,4,0.868126
4200000,1.2464,0.868575,5.51815,0.82095,4,0.868576
4205000,1.248,0.869026,5.51815,0.82095,4,0.869028
4210000,1.3728,0.869625,5.51815,0.82095,4,0.869626
4215000,1.2224,0.870043,5.51815,0.82095,4,0.870045
4220000,1.3392,0.870599,5.51815,0.82095,4,0.8706
4225000,1.3024,0.87111,5.51815,0.82095,4,0.87111
4230000,1.248,0.871556,5.51815,0.82095,4,0.871556
4235000,1.2704,0.872026,5.51815,0.82095,4,0.872028
4240000,1.192,0.872404,5.51815,0.82095,4,0.872405
4245000,1.2368,0.872833,5.51815,0.82095,4,0.872834
4250000,1.3408,0.873384,5.51815,0.82095,4,0.873384
4255000,1.3104,0.873897,5.51815,0.82095,4,0.873898
4260000,1.2944,0.874391,5.51815,0.82095,4,0.874392
4265000,1.3936,0.874999,5.51815,0.82095,4,0.875
4270000,1.224,0.875408,5.51815,0.82095,4,0.875409
4275000,1.2336,0.875827,5.51815,0.82095,4,0.875828
4280000,1.2752,0.876293,5.51815,0.82095,4,0.876296
4285000,1.272,0.876755,5.51815,0.82095,4,0.876757
4290000,1.1936,0.877124,5.51815,0.82095,4,0.877125
4295000,1.272,0.877584,5.51815,0.82095,4,0.877585
4300000,1.2624,0.878032,5.51815,0.82095,4,0.878032
4305000,1.1392,0.878335,5.51815,0.82095,4,0.878337
4310000,1.2528,0.878769,5.51815,0.82095,4,0.878771
4315000,1.2048,0.879147,5.51815,0.82095,4,0.879148
4320000,1.3152,0.879652,5.51815,0.82095,4,0.879653
4325000,1.2944,0.880131,5.51815,0.82095,4,0.880132
4330000,2.6416,0.882165,5.51815,0.82095,4,0.882166
4335000,3.9248,0.885675,5.51815,0.82095,4,0.885677
4340000,3.6784,0.888892,5.51815,0.82095,4,0.888893
4345000,3.5744,0.891983,5.51815,0.82095,4,0.891983
4350000,3.4752,0.894952,5.51815,0.82095,4,0.894953
4355000,3.2784,0.897688,5.51815,0.82095,4,0.897689
4360000,1.9952,0.898947,5.51815,0.82095,4,0.898948
4365000,3.632,0.902077,5.51815,0.82095,4,0.902078
4370000,3.1888,0.904694,5.51815,0.82095,4,0.904695
4375000,1.5488,0.90543,5.51815,0.82095,4,0.905431
4380000,2.8752,0.907679,5.51815,0.82095,4,0.90768
4385000,2.24,0.909198,5.51815,0.82095,4,0.909199
4390000,2.416,0.910914,5.51815,0.82095,4,0.910914
4395000,1.76,0.91188,5.51815,0.82095,4,0.911883
4400000,1.9104,0.913015,5.51815,0.82095,4,0.913015
4405000,1.5184,0.913702,5.51815,0.82095,4,0.913702
4410000,1.4992,0.914366,5.51815,0.82095,4,0.914367
4415000,1.4672,0.914992,5.51815,0.82095,4,0.914992
4420000,1.3968,0.915537,5.51815,0.82095,4,0.915538
4425000,1.7584,0.916489,5.51815,0.82095,4,0.916491
4430000,1.8784,0.917575,5.51815,0.82095,4,0.917577
4435000,1.6944,0.918451,5.51815,0.82095,4,0.918451
4440000,1.5504,0.919162,5.51815,0.82095,4,0.919164
4445000,1.272,0.919559,5.51815,0.82095,4,0.91956
4450000,1.3872,0.920084,5.51815,0.82095,4,0.920086
4455000,1.376,0.920596,5.51815,0.82095,4,0.920598
4460000,1.2976,0.921019,5.51815,0.82095,4,0.92102
4465000,1.3024,0.921446,5.51815,0.82095,4,0.921446
4470000,1.1536,0.921706,5.51815,0.82095,4,0.921706
4475000,1.6736,0.922546,5.51815,0.82095,4,0.922546
4480000,1.2304,0.922889,5.51815,0.82095,4,0.92289
4485000,1.5632,0.923603,5.51815,0.82095,4,0.923604
4490000,1.2208,0.923934,5.51815,0.82095,4,0.923936
4495000,1.2256,0.92427,5.51815,0.82095,4,0.924273
4500000,1.464,0.924869,5.51815,0.82095,4,0.92487
4505000,1.2512,0.925232,5.51815,0.82095,4,0.925232
4510000,1.704,0.926095,5.51815,0.82095,4,0.926097
4515000,1.2048,0.926404,5.51815,0.82095,4,0.926404
4520000,1.2992,0.926816,5.51815,0.82095,4,0.926818
4525000,1.5456,0.9275,5.51815,0.82095,4,0.927501
4530000,1.3456,0.927961,5.51815,0.82095,4,0.927963
4535000,1.5088,0.928602,5.51815,0.82095,4,0.928603
4540000,1.6272,0.929371,5.51815,0.82095,4,0.929373
4545000,2.1488,0.930712,5.51815,0.82095,4,0.930714
4550000,1.6208,0.931471,5.51815,0.82095,4,0.931473
4555000,2.1408,0.932798,5.51815,0.82095,4,0.9328
4560000,2.3088,0.934307,5.51815,0.82095,4,0.934308
4565000,1.824,0.935281,5.51815,0.82095,4,0.935283
4570000,1.848,0.93628,5.51815,0.82095,4,0.936282
4575000,1.7616,0.937182,5.51815,0.82095,4,0.937184
4580000,2.1856,0.938545,5.51815,0.82095,4,0.938548
4585000,1.6496,0.93932,5.51815,0.82095,4,0.939321
4590000,1.1968,0.939601,5.51815,0.82095,4,0.939601
4595000,0.6976,0.939338,5.51815,0.82095,4,0.939338
4600000,1.2544,0.93968,5.51815,0.82095,4,0.939681
4605000,1.2608,0.940029,5.51815,0.82095,4,0.940029
4610000,1.2144,0.940326,5.51815,0.82095,4,0.940327
4615000,0.8816,0.940263,5.51815,0.82095,4,0.940263
4620000,1.0928,0.940428,5.51815,0.82095,4,0.940428
4625000,0.9296,0.940416,5.51815,0.82095,4,0.940417
4630000,0.9744,0.940453,5.51815,0.82095,4,0.940454
4635000,0.9328,0.940444,5.51815,0.82095,4,0.940446
4640000,1.0224,0.940533,5.51815,0.82095,4,0.940534
4645000,1.272,0.94089,5.51815,0.82095,4,0.940891
4650000,1.1104,0.941072,5.51815,0.82095,4,0.941072
4655000,0.9568,0.941089,5.51815,0.82095,4,0.941089
4660000,0.9168,0.941063,5.51815,0.82095,4,0.941063
4665000,1.0192,0.941146,5.51815,0.82095,4,0.941148
4670000,0.9584,0.941165,5.51815,0.82095,4,0.941167
4675000,0.8896,0.94111,5.51815,0.82095,4,0.941111
4680000,0.872,0.941036,5.51815,0.82095,4,0.941037
4685000,1.1424,0.941251,5.51815,0.82095,4,0.941252
4690000,0.9376,0.941247,5.51815,0.82095,4,0.941247
4695000,1.0992,0.941415,5.51815,0.82095,4,0.941415
4700000,0.9296,0.941403,5.51815,0.82095,4,0.941403
4705000,0.8144,0.941268,5.51815,0.82095,4,0.941269
4710000,1.1408,0.941479,5.51815,0.82095,4,0.941481
4715000,1.1952,0.941748,5.51815,0.82095,4,0.941749
4720000,1.0336,0.941846,5.51815,0.82095,4,0.941847
4725000,0.9904,0.941897,5.51815,0.82095,4,0.941899
4730000,1.0864,0.94205,5.51815,0.82095,4,0.942051
4735000,1.1536,0.942273,5.51815,0.82095,4,0.942274
4740000,1.248,0.942596,5.51815,0.82095,4,0.942598
4745000,1.2288,0.942897,5.51815,0.82095,4,0.942898
4750000,1.1696,0.943136,5.51815,0.82095,4,0.943138
4755000,1.192,0.943398,5.51815,0.82095,4,0.943398
4760000,1.1872,0.943654,5.51815,0.82095,4,0.943656
4765000,1.2352,0.94396,5.51815,0.82095,4,0.943961
4770000,1.4528,0.944493,5.51815,0.82095,4,0.944493
4775000,1.2416,0.944804,5.51815,0.82095,4,0.944806
4780000,1.184,0.945054,5.51815,0.82095,4,0.945055
4785000,2.5648,0.946747,5.51815,0.82095,4,0.946748
4790000,2.1616,0.948015,5.51815,0.82095,4,0.948016
4795000,2.696,0.949838,5.51815,0.82095,4,0.94984
4800000,2.4704,0.951422,5.51815,0.82095,4,0.951423
4805000,1.7072,0.952208,5.51815,0.82095,4,0.952209
4810000,1.7376,0.953025,5.51815,0.82095,4,0.953026
4815000,1.648,0.953746,5.51815,0.82095,4,0.953747
4820000,1.4256,0.954236,5.51815,0.82095,4,0.954237
4825000,1.3968,0.954694,5.51815,0.82095,4,0.954696
4830000,1.408,0.955164,5.51815,0.82095,4,0.955164
4835000,1.2512,0.95547,5.51815,0.82095,4,0.955471
4840000,1.2592,0.955783,5.51815,0.82095,4,0.955784
4845000,1.4064,0.956249,5.51815,0.82095,4,0.956251
4850000,1.4032,0.956709,5.51815,0.82095,4,0.956711
4855000,1.528,0.957298,5.51815,0.82095,4,0.957299
4860000,1.2656,0.957615,5.51815,0.82095,4,0.957615
4865000,1.2176,0.957882,5.51815,0.82095,4,0.957883
4870000,1.2416,0.958173,5.51815,0.82095,4,0.958174
4875000,1.2928,0.958517,5.51815,0.82095,4,0.958518
4880000,1.2464,0.958811,5.51815,0.82095,4,0.958812
4885000,1.2752,0.959135,5.51815,0.82095,4,0.959136
4890000,1.2608,0.959444,5.51815,0.82095,4,0.959444
4895000,1.2496,0.95974,5.51815,0.82095,4,0.959742
4900000,1.2688,0.960056,5.51815,0.82095,4,0.960057
4905000,1.1568,0.960256,5.51815,0.82095,4,0.960258
4910000,1.1088,0.960407,5.51815,0.82095,4,0.960409
4915000,1.2032,0.960654,5.51815,0.82095,4,0.960655
4920000,1.2016,0.960899,5.51815,0.82095,4,0.9609
4925000,1.2176,0.96116,5.51815,0.82095,4,0.96116
4930000,1.2576,0.96146,5.51815,0.82095,4,0.961461
4935000,1.2416,0.961744,5.51815,0.82095,4,0.961746
4940000,1.2432,0.962029,5.51815,0.82095,4,0.962029
4945000,1.3248,0.962396,5.51815,0.82095,4,0.962397
4950000,1.1184,0.962554,5.51815,0.82095,4,0.962554
4955000,1.232,0.962825,5.51815,0.82095,4,0.962827
4960000,1.1952,0.96306,5.51815,0.82095,4,0.96306
4965000,1.352,0.963451,5.51815,0.82095,4,0.963452
4970000,1.416,0.963907,5.51815,0.82095,4,0.963907
4975000,1.4208,0.964366,5.51815,0.82095,4,0.964368
4980000,1.568,0.964972,5.51815,0.82095,4,0.964973
4985000,1.6096,0.965618,5.51815,0.82095,4,0.965622
4990000,2.12,0.966775,5.51815,0.82095,4,0.966776
4995000,2.0816,0.967891,5.51815,0.82095,4,0.967891
5000000,1.8464,0.96877,5.51815,0.82095,4,0.96877
5005000,1.7664,0.969566,5.51815,0.82095,4,0.969567
5010000,1.664,0.970259,5.51815,0.82095,4,0.97026
5015000,1.7648,0.971052,5.51815,0.82095,4,0.971053
5020000,1.4144,0.971493,5.51815,0.82095,4,0.971495
5025000,1.6256,0.972144,5.51815,0.82095,4,0.972145
5030000,1.6592,0.972827,5.51815,0.82095,4,0.972828
5035000,1.7568,0.973606,5.51815,0.82095,4,0.973606
5040000,1.6672,0.974294,5.51815,0.82095,4,0.974294
5045000,1.5152,0.97483,5.51815,0.82095,4,0.97483
5050000,1.5488,0.975398,5.51815,0.82095,4,0.975399
5055000,1.7216,0.976136,5.51815,0.82095,4,0.976137
5060000,1.5584,0.976711,5.51815,0.82095,4,0.976712
5065000,1.7072,0.977433,5.51815,0.82095,4,0.977433
5070000,1.5504,0.977998,5.51815,0.82095,4,0.977999
5075000,1.4768,0.978489,5.51815,0.82095,4,0.97849
5080000,1.5424,0.979044,5.51815,0.82095,4,0.979044
5085000,1.8448,0.979895,5.51815,0.82095,4,0.979896
5090000,1.0992,0.980013,5.51815,0.82095,4,0.980015
5095000,1.4464,0.98047,5.51815,0.82095,4,0.980471
5100000,1.7376,0.981213,5.51815,0.82095,4,0.981214
5105000,1.8432,0.982057,5.51815,0.82095,4,0.982058
5110000,1.8528,0.982909,5.51815,0.82095,4,0.98291
5115000,1.7632,0.983672,5.51815,0.82095,4,0.983673
5120000,1.6336,0.984306,5.51815,0.82095,4,0.984308
5125000,1.6096,0.984916,5.51815,0.82095,4,0.984918
5130000,1.6944,0.985608,5.51815,0.82095,4,0.985609
5135000,1.512,0.98612,5.51815,0.82095,4,0.986122
5140000,1.6128,0.98673,5.51815,0.82095,4,0.986731
5145000,1.528,0.987256,5.51815,0.82095,4,0.987257
5150000,1.4848,0.987739,5.51815,0.82095,4,0.987739
5155000,1.6496,0.988381,5.51815,0.82095,4,0.988382
5160000,1.6384,0.989011,5.51815,0.82095,4,0.989012
5165000,1.5488,0.989553,5.51815,0.82095,4,0.989554
5170000,1.3952,0.989945,5.51815,0.82095,4,0.989946
5175000,1.472,0.990411,5.51815,0.82095,4,0.990411
5180000,1.3088,0.990718,5.51815,0.82095,4,0.990719
5185000,1.3952,0.991108,5.51815,0.82095,4,0.991109
5190000,1.4144,0.991516,5.51815,0.82095,4,0.991516
5195000,1.4064,0.991915,5.51815,0.82095,4,0.991916
5200000,1.4752,0.99238,5.51815,0.82095,4,0.992381
5205000,1.6,0.992964,5.51815,0.82095,4,0.992966
5210000,1.6848,0.993628,5.51815,0.82095,4,0.993628
5215000,1.9728,0.994566,5.51815,0.82095,4,0.994568
5220000,1.6656,0.995209,5.51815,0.82095,4,0.99521
5225000,1.5232,0.995714,5.51815,0.82095,4,0.995716
5230000,1.664,0.996353,5.51815,0.82095,4,0.996354
5235000,1.4656,0.996802,5.51815,0.82095,4,0.996802
5240000,1.4816,0.997264,5.51815,0.82095,4,0.997265
5245000,1.4688,0.997714,5.51815,0.82095,4,0.997715
5250000,1.472,0.998165,5.51815,0.82095,4,0.998168
5255000,1.488,0.998631,5.51815,0.82095,4,0.998633
5260000,1.4944,0.999103,5.51815,0.82095,4,0.999104
5265000,1.544,0.99962,5.51815,0.82095,4,0.999621
5270000,1.4688,1.00007,5.51815,0.82095,4,1.00007
5275000,1.5952,1.00063,5.51815,0.82095,4,1.00063
5280000,1.296,1.00091,5.51815,0.82095,4,1.00091
5285000,1.3456,1.00124,5.51815,0.82095,4,1.00124
5290000,1.4256,1.00164,5.51815,0.82095,4,1.00164
5295000,1.3664,1.00198,5.51815,0.82095,4,1.00198
5300000,1.5792,1.00253,5.51815,0.82095,4,1.00253
5305000,1.3632,1.00287,5.51815,0.82095,4,1.00287
5310000,1.512,1.00334,5.51815,0.82095,4,1.00335
5315000,1.5616,1.00387,5.51815,0.82095,4,1.00387
5320000,1.704,1.00453,5.51815,0.82095,4,1.00453
5325000,1.8016,1.00528,5.51815,0.82095,4,1.00528
5330000,2.1856,1.00638,5.51815,0.82095,4,1.00638
5335000,1.9104,1.00723,5.51815,0.82095,4,1.00723
5340000,1.7376,1.00791,5.51815,0.82095,4,1.00791
5345000,0.0064,1.00698,5.51815,0.82095,4,1.00698
